Pump Name,Engine Model,Pump P/N,Weight(Appx),No,JMP,OEM,Description,QTY,Remark
"JPR-VP2799G","4.3/5.0GL, 4.3/5.0/5.7GXi, 5.7Gi, V6-200/225, V8-225/270/300/320","21212799","2.61kg","1","JPR-VP2799G","VOLVO PENTA","SEA WATER PUMP","1",
"JPR-VP2799G","4.3/5.0GL, 4.3/5.0/5.7GXi, 5.7Gi, V6-200/225, V8-225/270/300/320","21212799","2.61kg","2","192","VOLVO PENTA","21951332 / SCREW, PUMP BODY","4",
"JPR-VP2799G","4.3/5.0GL, 4.3/5.0/5.7GXi, 5.7Gi, V6-200/225, V8-225/270/300/320","21212799","2.61kg","3","7136-01","VOLVO PENTA","21213664 / IMPELLER","1",
"JPR-VP2799G","4.3/5.0GL, 4.3/5.0/5.7GXi, 5.7Gi, V6-200/225, V8-225/270/300/320","21212799","2.61kg","4","ORG000101","VOLVO PENTA","O-RING, SCREW","4",
"JPR-VP2799G","4.3/5.0GL, 4.3/5.0/5.7GXi, 5.7Gi, V6-200/225, V8-225/270/300/320","21212799","2.61kg","5","ORG0052","VOLVO PENTA","3858938 / O-RING, IMPELLER","1",
"JPR-VP2799G","4.3/5.0GL, 4.3/5.0/5.7GXi, 5.7Gi, V6-200/225, V8-225/270/300/320","21212799","2.61kg","6","PBC0247","VOLVO PENTA","PUMP BODY","1",
"JPR-VP2799G","4.3/5.0GL, 4.3/5.0/5.7GXi, 5.7Gi, V6-200/225, V8-225/270/300/320","21212799","2.61kg","7","RET0013","VOLVO PENTA","827247 / LIP SEAL","1",
"JPR-VP2799G","4.3/5.0GL, 4.3/5.0/5.7GXi, 5.7Gi, V6-200/225, V8-225/270/300/320","21212799","2.61kg","8","SPC0033","VOLVO PENTA","SUPPORT RUBBER BUSH","1",
"JPR-VP2799G","4.3/5.0GL, 4.3/5.0/5.7GXi, 5.7Gi, V6-200/225, V8-225/270/300/320","21212799","2.61kg","9","PUK0157","VOLVO PENTA","DRIVE ASSY (PULLEY, SHAFT, BEARING, SNAP RING, BEARING HOUSING)","1",
"JPR-VP2800G","8, 1Gi, 8.1IPS","21212800","2.09kg","1","JPR-VP2800G","VOLVO PENTA","SEA WATER PUMP","1",
"JPR-VP2800G","8, 1Gi, 8.1IPS","21212800","2.09kg","2","192","VOLVO PENTA","21951332 / SCREW, PUMP BODY","4",
"JPR-VP2800G","8, 1Gi, 8.1IPS","21212800","2.09kg","3","7136-01","VOLVO PENTA","21213664 / IMPELLER","1",
"JPR-VP2800G","8, 1Gi, 8.1IPS","21212800","2.09kg","4","ORG000101","VOLVO PENTA","O-RING, SCREW","4",
"JPR-VP2800G","8, 1Gi, 8.1IPS","21212800","2.09kg","5","ORG0052","VOLVO PENTA","3858938 / O-RING, IMPELLER","1",
"JPR-VP2800G","8, 1Gi, 8.1IPS","21212800","2.09kg","6","PBC0247","VOLVO PENTA","PUMP BODY","1",
"JPR-VP2800G","8, 1Gi, 8.1IPS","21212800","2.09kg","7","RET0013","VOLVO PENTA","827247 / LIP SEAL","1",
"JPR-VP2800G","8, 1Gi, 8.1IPS","21212800","2.09kg","8","SPC0033","VOLVO PENTA","SUPPORT RUBBER BUSH","1",
"JPR-VP2800G","8, 1Gi, 8.1IPS","21212800","2.09kg","9","PUK0158","VOLVO PENTA","DRIVE ASSY (PULLEY, SHAFT, BEARING, SNAP RING, BEARING HOUSING)","1",
"JPR-VP5090G","4.3/5.0/5.7GL, 4.3/5.0/5.7GS, 4.3/5.0Gi","21255090","2.69kg","1","JPR-VP5090G","VOLVO PENTA","SEA WATER PUMP","1",
"JPR-VP5090G","4.3/5.0/5.7GL, 4.3/5.0/5.7GS, 4.3/5.0Gi","21255090","2.69kg","2","192","VOLVO PENTA","21951332 / SCREW, PUMP BODY","4",
"JPR-VP5090G","4.3/5.0/5.7GL, 4.3/5.0/5.7GS, 4.3/5.0Gi","21255090","2.69kg","3","7136-01","VOLVO PENTA","21213664 / IMPELLER","1",
"JPR-VP5090G","4.3/5.0/5.7GL, 4.3/5.0/5.7GS, 4.3/5.0Gi","21255090","2.69kg","4","ORG000101","VOLVO PENTA","O-RING, SCREW","4",
"JPR-VP5090G","4.3/5.0/5.7GL, 4.3/5.0/5.7GS, 4.3/5.0Gi","21255090","2.69kg","5","ORG0052","VOLVO PENTA","3858938 / O-RING, IMPELLER","1",
"JPR-VP5090G","4.3/5.0/5.7GL, 4.3/5.0/5.7GS, 4.3/5.0Gi","21255090","2.69kg","6","PBC0247","VOLVO PENTA","PUMP BODY","1",
"JPR-VP5090G","4.3/5.0/5.7GL, 4.3/5.0/5.7GS, 4.3/5.0Gi","21255090","2.69kg","7","RET0013","VOLVO PENTA","827247 / LIP SEAL","1",
"JPR-VP5090G","4.3/5.0/5.7GL, 4.3/5.0/5.7GS, 4.3/5.0Gi","21255090","2.69kg","8","SPC0033","VOLVO PENTA","SUPPORT RUBBER BUSH","1",
"JPR-VP5090G","4.3/5.0/5.7GL, 4.3/5.0/5.7GS, 4.3/5.0Gi","21255090","2.69kg","9","PUK0159","VOLVO PENTA","DRIVE ASSY (PULLEY, SHAFT, BEARING, SNAP RING, BEARING HOUSING)","1",
"JPR-VP4596G","4.3/5.0/5.7GL, 4.3/5.0/5.7GS, 4.3/5.0Gi","21214596","2.73kg","1","JPR-VP4596G","VOLVO PENTA","SEA WATER PUMP","1",
"JPR-VP4596G","4.3/5.0/5.7GL, 4.3/5.0/5.7GS, 4.3/5.0Gi","21214596","2.73kg","2","182","VOLVO PENTA","22125080 / SCREW, PUMP BODY","4",
"JPR-VP4596G","4.3/5.0/5.7GL, 4.3/5.0/5.7GS, 4.3/5.0Gi","21214596","2.73kg","3","7100-01","VOLVO PENTA","21951348 / IMPELLER","1",
"JPR-VP4596G","4.3/5.0/5.7GL, 4.3/5.0/5.7GS, 4.3/5.0Gi","21214596","2.73kg","4","ORG0052","VOLVO PENTA","3858938 / O-RING, IMPELLER","1",
"JPR-VP4596G","4.3/5.0/5.7GL, 4.3/5.0/5.7GS, 4.3/5.0Gi","21214596","2.73kg","5","PBC0246","VOLVO PENTA","22125080 / PUMP BODY","1",
"JPR-VP4596G","4.3/5.0/5.7GL, 4.3/5.0/5.7GS, 4.3/5.0Gi","21214596","2.73kg","6","RET0013","VOLVO PENTA","827247 / LIP SEAL","1",
"JPR-VP4596G","4.3/5.0/5.7GL, 4.3/5.0/5.7GS, 4.3/5.0Gi","21214596","2.73kg","7","PUK0154","VOLVO PENTA","DRIVE ASSY (PULLEY, SHAFT, BEARING, SNAP RING, BEARING HOUSING)","1",
"JPR-VP4599G","3.0GS, 4.3/5.0GL, 4.3/5.0Gi, 4.3/5.0GXi, 5.7GS, 5.7Gi","21214599","2.66kg","1","JPR-VP4599G","VOLVO PENTA","SEA WATER PUMP","1",
"JPR-VP4599G","3.0GS, 4.3/5.0GL, 4.3/5.0Gi, 4.3/5.0GXi, 5.7GS, 5.7Gi","21214599","2.66kg","2","182","VOLVO PENTA","22125080 / SCREW, PUMP BODY","4",
"JPR-VP4599G","3.0GS, 4.3/5.0GL, 4.3/5.0Gi, 4.3/5.0GXi, 5.7GS, 5.7Gi","21214599","2.66kg","3","7100-01","VOLVO PENTA","21951348 / IMPELLER","1",
"JPR-VP4599G","3.0GS, 4.3/5.0GL, 4.3/5.0Gi, 4.3/5.0GXi, 5.7GS, 5.7Gi","21214599","2.66kg","4","ORG0052","VOLVO PENTA","3858938 / O-RING, IMPELLER","1",
"JPR-VP4599G","3.0GS, 4.3/5.0GL, 4.3/5.0Gi, 4.3/5.0GXi, 5.7GS, 5.7Gi","21214599","2.66kg","5","PBC0246","VOLVO PENTA","22125080 / PUMP BODY","1",
"JPR-VP4599G","3.0GS, 4.3/5.0GL, 4.3/5.0Gi, 4.3/5.0GXi, 5.7GS, 5.7Gi","21214599","2.66kg","6","RET0013","VOLVO PENTA","827247 / LIP SEAL","1",
"JPR-VP4599G","3.0GS, 4.3/5.0GL, 4.3/5.0Gi, 4.3/5.0GXi, 5.7GS, 5.7Gi","21214599","2.66kg","7","PUK0155","VOLVO PENTA","DRIVE ASSY (PULLEY, SHAFT, BEARING, SNAP RING, BEARING HOUSING)","1",
"JPR-VP4601G","8.1Gi, DPX375/420","21214601","2.14kg","1","JPR-VP4601G","VOLVO PENTA","SEA WATER PUMP","1",
"JPR-VP4601G","8.1Gi, DPX375/420","21214601","2.14kg","2","182","VOLVO PENTA","22125080 / SCREW, PUMP BODY","4",
"JPR-VP4601G","8.1Gi, DPX375/420","21214601","2.14kg","3","7100-01","VOLVO PENTA","21951348 / IMPELLER","1",
"JPR-VP4601G","8.1Gi, DPX375/420","21214601","2.14kg","4","ORG0052","VOLVO PENTA","3858938 / O-RING, IMPELLER","1",
"JPR-VP4601G","8.1Gi, DPX375/420","21214601","2.14kg","5","PBC0246","VOLVO PENTA","22125080 / PUMP BODY","1",
"JPR-VP4601G","8.1Gi, DPX375/420","21214601","2.14kg","6","RET0013","VOLVO PENTA","827247 / LIP SEAL","1",
"JPR-VP4601G","8.1Gi, DPX375/420","21214601","2.14kg","7","PUK0156","VOLVO PENTA","DRIVE ASSY (PULLEY, SHAFT, BEARING, SNAP RING, BEARING HOUSING)","1",
"JPR-V1000","8AD31/MD31/AD41/KA(M)D42/43/44 SERIES","860629, 3581588, 3583115","2.4kg",,,,,,"(No table lines in the text - see JPR-VV1000 more below)"
"JPR-VV1000","8AD31/MD31/AD41/KA(M)D42/43/44 SERIES","860629, 3581588, 3583115","2.4kg","1","JPR-VV1000","VOLVO PENTA","SEA WATER PUMP (RE-REGINEERED)","1",
"JPR-VV1000","8AD31/MD31/AD41/KA(M)D42/43/44 SERIES","860629, 3581588, 3583115","2.4kg","2","BER0029","VOLVO PENTA","11010 / BALL BEARING","1",
"JPR-VV1000","8AD31/MD31/AD41/KA(M)D42/43/44 SERIES","860629, 3581588, 3583115","2.4kg","3","80","VOLVO PENTA","841693 / SCREW, END COVER","6",
"JPR-VV1000","8AD31/MD31/AD41/KA(M)D42/43/44 SERIES","860629, 3581588, 3583115","2.4kg","4","CAMSET000301","VOLVO PENTA","CAM SET (WITH SCREW, PACKING)","1",
"JPR-VV1000","8AD31/MD31/AD41/KA(M)D42/43/44 SERIES","860629, 3581588, 3583115","2.4kg","5","COV000301","VOLVO PENTA","860751 / END COVER","1",
"JPR-VV1000","8AD31/MD31/AD41/KA(M)D42/43/44 SERIES","860629, 3581588, 3583115","2.4kg","6","7400-01","VOLVO PENTA","21951356 / IMPELLER","1",
"JPR-VV1000","8AD31/MD31/AD41/KA(M)D42/43/44 SERIES","860629, 3581588, 3583115","2.4kg","7","MCSSET0008","VOLVO PENTA","827247 / MECHANICAL SEAL","1",
"JPR-VV1000","8AD31/MD31/AD41/KA(M)D42/43/44 SERIES","860629, 3581588, 3583115","2.4kg","8","ORG0013","VOLVO PENTA","3581618 / O-RING, END COVER","1",
"JPR-VV1000","8AD31/MD31/AD41/KA(M)D42/43/44 SERIES","860629, 3581588, 3583115","2.4kg","9","ORG0044","VOLVO PENTA","960166 / O-RING, SLINGER","1",
"JPR-VV1000","8AD31/MD31/AD41/KA(M)D42/43/44 SERIES","860629, 3581588, 3583115","2.4kg","10","RET0044","VOLVO PENTA","827247 / OIL SEAL","2",
"JPR-VV1000","8AD31/MD31/AD41/KA(M)D42/43/44 SERIES","860629, 3581588, 3583115","2.4kg","11","SHA0097","VOLVO PENTA","21951457 / SHAFT","1",
"JPR-VV1000","8AD31/MD31/AD41/KA(M)D42/43/44 SERIES","860629, 3581588, 3583115","2.4kg","12","SNP0002","VOLVO PENTA","SNAP RING (SMALL)","1",
"JPR-VV1000","8AD31/MD31/AD41/KA(M)D42/43/44 SERIES","860629, 3581588, 3583115","2.4kg","13","SNP0009","VOLVO PENTA","914523 / SNAP RING (LARGE)","1",
"JPR-VV1000","8AD31/MD31/AD41/KA(M)D42/43/44 SERIES","860629, 3581588, 3583115","2.4kg","14","SPC0019","VOLVO PENTA","844580 / SPACER","1",
"JPR-VV1000","8AD31/MD31/AD41/KA(M)D42/43/44 SERIES","860629, 3581588, 3583115","2.4kg","15","WER0001","VOLVO PENTA","WEAR PLATE","1",
"JPR-VV1000","8AD31/MD31/AD41/KA(M)D42/43/44 SERIES","860629, 3581588, 3583115","2.4kg","16","JSM0030","VOLVO PENTA","MINOR KIT","1",
"JPR-VV1000","8AD31/MD31/AD41/KA(M)D42/43/44 SERIES","860629, 3581588, 3583115","2.4kg","17","JSK0085","VOLVO PENTA","MAJOR KIT - ALL INTERNAL PARTS","1",
"JPR-V2000","T(A)MD 100,120,121,122 SERIES","822787","7.7kg","1","JPR-V2000","VOLVO PENTA","SEA WATER PUMP","1",
"JPR-V2000","T(A)MD 100,120,121,122 SERIES","822787","7.7kg","2","BER0005","VOLVO PENTA","11013 / BALL BEARING","2",
"JPR-V2000","T(A)MD 100,120,121,122 SERIES","822787","7.7kg","3","99","VOLVO PENTA","959931 / SCREW, END COVER","5",
"JPR-V2000","T(A)MD 100,120,121,122 SERIES","822787","7.7kg","4","CAMSET000502","VOLVO PENTA","849321 / CAM SET (WITH SCREW & PACKING)","1",
"JPR-V2000","T(A)MD 100,120,121,122 SERIES","822787","7.7kg","5","COV0006","VOLVO PENTA","863497 / END COVER","1",
"JPR-V2000","T(A)MD 100,120,121,122 SERIES","822787","7.7kg","6","GAK0007","VOLVO PENTA","3829314 (OLD 825728) / GASKET, END COVER","1",
"JPR-V2000","T(A)MD 100,120,121,122 SERIES","822787","7.7kg","7","8100-01","VOLVO PENTA","21730344 (OLD 875736) / IMPELLER","1",
"JPR-V2000","T(A)MD 100,120,121,122 SERIES","822787","7.7kg","8","KEY0012","VOLVO PENTA","942406 / KEY, WOODRUFF","1",
"JPR-V2000","T(A)MD 100,120,121,122 SERIES","822787","7.7kg","9","MCSSET0003","VOLVO PENTA","822767 / MECHANICAL SEAL KIT","1",
"JPR-V2000","T(A)MD 100,120,121,122 SERIES","822787","7.7kg","10","RET001301","VOLVO PENTA","825737 / OIL SEAL","1",
"JPR-V2000","T(A)MD 100,120,121,122 SERIES","822787","7.7kg","11","SHA0027","VOLVO PENTA","822789 / SHAFT","1",
"JPR-V2000","T(A)MD 100,120,121,122 SERIES","822787","7.7kg","12","SLI0003","VOLVO PENTA","826234 / SLINGER","1",
"JPR-V2000","T(A)MD 100,120,121,122 SERIES","822787","7.7kg","13","SNP0013","VOLVO PENTA","825735 / SNAP RING","1",
"JPR-V2000","T(A)MD 100,120,121,122 SERIES","822787","7.7kg","14","WER0009","VOLVO PENTA","826230 / WEAR PLATE","1",
"JPR-V2000","T(A)MD 100,120,121,122 SERIES","822787","7.7kg","15","JSM000701","VOLVO PENTA","MINOR KIT","1",
"JPR-V2000","T(A)MD 100,120,121,122 SERIES","822787","7.7kg","16","JSK0029","VOLVO PENTA","MAJOR KIT - ALL INTERNAL PARTS","1",
"JPR-V3000","TAMD 102,103,120,122","3829313, 3829312",,"1","JPR-V3000","VOLVO PENTA","SEA WATER PUMP","1",
"JPR-V3000","TAMD 102,103,120,122","3829313, 3829312",,"2","BER0005","VOLVO PENTA","11013 / BALL BEARING","2",
"JPR-V3000","TAMD 102,103,120,122","3829313, 3829312",,"3","99","VOLVO PENTA","959931 / SCREW, END COVER","5",
"JPR-V3000","TAMD 102,103,120,122","3829313, 3829312",,"4","CAMSET0011","VOLVO PENTA","845968 / CAMSET (WITH SCREW & PACKING)","1",
"JPR-V3000","TAMD 102,103,120,122","3829313, 3829312",,"5","COV0006","VOLVO PENTA","847228 / END COVER","1",
"JPR-V3000","TAMD 102,103,120,122","3829313, 3829312",,"6","GAK0007","VOLVO PENTA","3829314 / GASKET, END COVER","1",
"JPR-V3000","TAMD 102,103,120,122","3829313, 3829312",,"7","8301-01","VOLVO PENTA","875814 / IMPELLER","1",
"JPR-V3000","TAMD 102,103,120,122","3829313, 3829312",,"8","KEY0012","VOLVO PENTA","942406 / KEY, WOODRUFF","1",
"JPR-V3000","TAMD 102,103,120,122","3829313, 3829312",,"9","MCSSET0003","VOLVO PENTA","3829315 (OLD 812968) / MECHANICAL SEAL KIT","1",
"JPR-V3000","TAMD 102,103,120,122","3829313, 3829312",,"10","RET001301","VOLVO PENTA","845795 / OIL SEAL","1",
"JPR-V3000","TAMD 102,103,120,122","3829313, 3829312",,"11","SHA0028","VOLVO PENTA","845970 / SHAFT","1",
"JPR-V3000","TAMD 102,103,120,122","3829313, 3829312",,"12","SLI0003","VOLVO PENTA","812964 / SLINGER","1",
"JPR-V3000","TAMD 102,103,120,122","3829313, 3829312",,"13","SNP0013","VOLVO PENTA","825735 / SNAP RING","1",
"JPR-V3000","TAMD 102,103,120,122","3829313, 3829312",,"14","WER0009","VOLVO PENTA","826230 / WEAR PLATE","1",
"JPR-V3000","TAMD 102,103,120,122","3829313, 3829312",,"15","JSM0031","VOLVO PENTA","MINOR KIT","1",
"JPR-V3000","TAMD 102,103,120,122","3829313, 3829312",,"16","JSK0030","VOLVO PENTA","MAJOR KIT - ALL INTERNAL PARTS","1",
"JPR-V5000","TAMD 162,163,165","3825493, 3837935","10.6kg","1","JPR-V5000","VOLVO PENTA","SEA WATER PUMP (RE-REGINEERED)","1",
"JPR-V5000","TAMD 162,163,165","3825493, 3837935","10.6kg","2","BER0005","VOLVO PENTA","11013 / BALL BEARING","1",
"JPR-V5000","TAMD 162,163,165","3825493, 3837935","10.6kg","3","BER0019","VOLVO PENTA","3826173 / ROLLER BEARING","1",
"JPR-V5000","TAMD 162,163,165","3825493, 3837935","10.6kg","4","BER0020","VOLVO PENTA","3839505 / ROLLER BEARING","1",
"JPR-V5000","TAMD 162,163,165","3825493, 3837935","10.6kg","5","81","VOLVO PENTA","21951340 (Kit) / SCREW, END COVER","5",
"JPR-V5000","TAMD 162,163,165","3825493, 3837935","10.6kg","6","CAMSET0025","VOLVO PENTA","863496 / CAM SET (WITH SCREW, PACKING)","1",
"JPR-V5000","TAMD 162,163,165","3825493, 3837935","10.6kg","7","COV0005","VOLVO PENTA","N/A / END COVER","1","JPR-V50000"
"JPR-V5000","TAMD 162,163,165","3825493, 3837935","10.6kg","8","8301-01","VOLVO PENTA","21951364 / IMPELLER","1",
"JPR-V5000","TAMD 162,163,165","3825493, 3837935","10.6kg","9","MCSSET0006","VOLVO PENTA","3829315 / MECHANICAL SEAL SET","1",
"JPR-V5000","TAMD 162,163,165","3825493, 3837935","10.6kg","10","NIP0005","VOLVO PENTA","PLUG, RING","1",
"JPR-V5000","TAMD 162,163,165","3825493, 3837935","10.6kg","11","NIP0014","VOLVO PENTA","PLUG, DRAIN","2",
"JPR-V5000","TAMD 162,163,165","3825493, 3837935","10.6kg","12","ORG0015","VOLVO PENTA","O-RING, END COVER","1","JPR-V50000"
"JPR-V5000","TAMD 162,163,165","3825493, 3837935","10.6kg","13","RET0014","VOLVO PENTA","825737 / OIL SEAL","1",
"JPR-V5000","TAMD 162,163,165","3825493, 3837935","10.6kg","14","SHA0049","VOLVO PENTA","3837936 / SHAFT","1",
"JPR-V5000","TAMD 162,163,165","3825493, 3837935","10.6kg","15","SLI0003","VOLVO PENTA","812964 / SLINGER","1",
"JPR-V5000","TAMD 162,163,165","3825493, 3837935","10.6kg","16","SNP0005","VOLVO PENTA","3826181 / SNAP RING (SMALL)","1",
"JPR-V5000","TAMD 162,163,165","3825493, 3837935","10.6kg","17","SNP0008","VOLVO PENTA","943468 / SNAP RING (MECHANICAL SEAL)","1",
"JPR-V5000","TAMD 162,163,165","3825493, 3837935","10.6kg","18","SNP0013","VOLVO PENTA","N/A / SNAP RING (LARGE)","1",
"JPR-V5000","TAMD 162,163,165","3825493, 3837935","10.6kg","19","WER0009","VOLVO PENTA","826230 / WEAR PLATE","1",
"JPR-V5000","TAMD 162,163,165","3825493, 3837935","10.6kg","20","JSM0032","VOLVO PENTA","MINOR KIT","1",
"JPR-V5000","TAMD 162,163,165","3825493, 3837935","10.6kg","21","JSK0048","VOLVO PENTA","MAJOR KIT - ALL INTERNAL PARTS","1",
"JPR-VP0010DA","D1(A)","3593654","1.1kg","1","JPR-VP0010DA","VOLVO PENTA","SEA WATER PUMP (OLD 3593660, 21381693)","1",
"JPR-VP0010DA","D1(A)","3593654","1.1kg","2","BER0048","VOLVO PENTA","181717 / BALL BEARING","2",
"JPR-VP0010DA","D1(A)","3593654","1.1kg","3","144","VOLVO PENTA","840384 / SCREW, END COVER","6",
"JPR-VP0010DA","D1(A)","3593654","1.1kg","4","CAMSET0034","VOLVO PENTA","827009 / CAM SET","1",
"JPR-VP0010DA","D1(A)","3593654","1.1kg","5","COV0048","VOLVO PENTA","840386 / END COVER (STS)","1",
"JPR-VP0010DA","D1(A)","3593654","1.1kg","6","GAK0052","VOLVO PENTA","840385 / GASKET, END COVER","1",
"JPR-VP0010DA","D1(A)","3593654","1.1kg","7","7051-01","VOLVO PENTA","3593659 / IMPELLER","1",
"JPR-VP0010DA","D1(A)","3593654","1.1kg","8","ORG0053","VOLVO PENTA","925055 / O-RING (SLINGER)","1",
"JPR-VP0010DA","D1(A)","3593654","1.1kg","9","ORG0056","VOLVO PENTA","3580063 / O-RING, MOUNTING","1",
"JPR-VP0010DA","D1(A)","3593654","1.1kg","10","RET0048","VOLVO PENTA","833996 / LIP SEAL","2",
"JPR-VP0010DA","D1(A)","3593654","1.1kg","11","SHA0107","VOLVO PENTA","SHAFT","1",
"JPR-VP0010DA","D1(A)","3593654","1.1kg","12","SNP0024","VOLVO PENTA","914515 / SNAP RING (LARGE)","1",
"JPR-VP0010DA","D1(A)","3593654","1.1kg","13","SNP0027","VOLVO PENTA","914446 / SNAP RING (SMALL)","1",
"JPR-VP0010DA","D1(A)","3593654","1.1kg","14","SPC0027","VOLVO PENTA","3581367 / SPACER SLEEVE","1",
"JPR-VP0010DA","D1(A)","3593654","1.1kg","15","SPC0029","VOLVO PENTA","859101 / WASHER","1",
"JPR-VP0010DA","D1(A)","3593654","1.1kg","16","JSM0072","VOLVO PENTA","MINOR KIT","1",
"JPR-VP0010DA","D1(A)","3593654","1.1kg","17","JSK0091","VOLVO PENTA","MAJOR KIT - ALL INTERNAL PARTS","1",
"JPR-VP0010DB","D1(B)","3593655","1.2kg","1","JPR-VP0010DB","VOLVO PENTA","SEA WATER PUMP (OLD 3593660, 21381693)","1",
"JPR-VP0010DB","D1(B)","3593655","1.2kg","2","BER0048","VOLVO PENTA","181717 / BALL BEARING","2",
"JPR-VP0010DB","D1(B)","3593655","1.2kg","3","144","VOLVO PENTA","840384 / SCREW, END COVER","6",
"JPR-VP0010DB","D1(B)","3593655","1.2kg","4","CAMSET0035","VOLVO PENTA","CAM SET","1",
"JPR-VP0010DB","D1(B)","3593655","1.2kg","5","COV0048","VOLVO PENTA","840386 / END COVER (STS)","1",
"JPR-VP0010DB","D1(B)","3593655","1.2kg","6","GAK0052","VOLVO PENTA","840385 / GASKET, END COVER","1",
"JPR-VP0010DB","D1(B)","3593655","1.2kg","7","7051-01","VOLVO PENTA","3593659 / IMPELLER","1",
"JPR-VP0010DB","D1(B)","3593655","1.2kg","8","ORG0053","VOLVO PENTA","925055 / O-RING (SLINGER)","1",
"JPR-VP0010DB","D1(B)","3593655","1.2kg","9","ORG0056","VOLVO PENTA","3580063 / O-RING (MOUNTING)","1",
"JPR-VP0010DB","D1(B)","3593655","1.2kg","10","RET0048","VOLVO PENTA","833996 / LIP SEAL","2",
"JPR-VP0010DB","D1(B)","3593655","1.2kg","11","SHA0108","VOLVO PENTA","SHAFT","1",
"JPR-VP0010DB","D1(B)","3593655","1.2kg","12","SNP0024","VOLVO PENTA","914515 / SNAP RING (LARGE)","1",
"JPR-VP0010DB","D1(B)","3593655","1.2kg","13","SNP0027","VOLVO PENTA","914446 / SNAP RING (SMALL)","1",
"JPR-VP0010DB","D1(B)","3593655","1.2kg","14","SPC0027","VOLVO PENTA","3581367 / SPACER SLEEVE","1",
"JPR-VP0010DB","D1(B)","3593655","1.2kg","15","SPC0029","VOLVO PENTA","859101 / WASHER","1",
"JPR-VP0010DB","D1(B)","3593655","1.2kg","16","JSM0073","VOLVO PENTA","MINOR KIT","1",
"JPR-VP0010DB","D1(B)","3593655","1.2kg","17","JSK0092","VOLVO PENTA","MAJOR KIT - ALL INTERNAL PARTS","1",
"JPR-VP0020D","D2","3583089","1.6kg","1","JPR-VP0020D","VOLVO PENTA","SEA WATER PUMP","1",
"JPR-VP0020D","D2","3583089","1.6kg","2","BER0046","VOLVO PENTA","860202 / BALL BEARING","2",
"JPR-VP0020D","D2","3583089","1.6kg","3","163","VOLVO PENTA","3885957 / SCREW, END COVER","4",
"JPR-VP0020D","D2","3583089","1.6kg","4","164","VOLVO PENTA","3583988 / WASHER","1",
"JPR-VP0020D","D2","3583089","1.6kg","5","COV0049","VOLVO PENTA","3583985 / END COVER (STS)","1",
"JPR-VP0020D","D2","3583089","1.6kg","6","7100-01","VOLVO PENTA","21951346 (OLD 877440) / IMPELLER","1",
"JPR-VP0020D","D2","3583089","1.6kg","7","ORG0044","VOLVO PENTA","925057 / O-RING (SLINGER)","1",
"JPR-VP0020D","D2","3583089","1.6kg","8","ORG0061","VOLVO PENTA","3583809 / O-RING, END COVER","1",
"JPR-VP0020D","D2","3583089","1.6kg","9","RET0013","VOLVO PENTA","3583987 / LIP SEAL (STS)","1",
"JPR-VP0020D","D2","3583089","1.6kg","10","RET0049","VOLVO PENTA","3583992 / OIL SEAL","2",
"JPR-VP0020D","D2","3583089","1.6kg","11","SHA0109","VOLVO PENTA","SHAFT","1",
"JPR-VP0020D","D2","3583089","1.6kg","12","SNP0002","VOLVO PENTA","914451 / SNAP RING (SMALL)","1",
"JPR-VP0020D","D2","3583089","1.6kg","13","SNP0022","VOLVO PENTA","3583991 / SNAP RING (LARGE)","1",
"JPR-VP0020D","D2","3583089","1.6kg","14","WER0024","VOLVO PENTA","3583990 / WEAR PLATE (STS)","1",
"JPR-VP0020D","D2","3583089","1.6kg","15","JSM0074","VOLVO PENTA","MINOR KIT","1",
"JPR-VP0020D","D2","3583089","1.6kg","16","JSK0093","VOLVO PENTA","MAJOR KIT - ALL INTERNAL PARTS","1",
"JPR-VP0030DA","D3","21141637",,"1","JPR-VP0030DA","VOLVO PENTA","SEA WATER PUMP","1","ALL INTERNAL PARTS"
"JPR-VP0030DA","D3","21141637",,"2","BER0039","VOLVO PENTA","N/A / BALL BEARING","1",
"JPR-VP0030DA","D3","21141637",,"3","BER0045","VOLVO PENTA","181800 / BALL BEARING","1",
"JPR-VP0030DA","D3","21141637",,"4","163","VOLVO PENTA","21346724 / SCREWS, END COVER","4",
"JPR-VP0030DA","D3","21141637",,"5","COV0049","VOLVO PENTA","3583985 / END COVER","1",
"JPR-VP0030DA","D3","21141637",,"6","7136-01","VOLVO PENTA","21951352 / IMPELLER","1",
"JPR-VP0030DA","D3","21141637",,"7","ORG0061","VOLVO PENTA","3583809 / O-RING FOR END COVER","1",
"JPR-VP0030DA","D3","21141637",,"8","ORG0062","VOLVO PENTA","3584349 / O-RING (SLINGER)","1",
"JPR-VP0030DA","D3","21141637",,"9","RET0013","VOLVO PENTA","827247 / LIP SEAL","1",
"JPR-VP0030DA","D3","21141637",,"10","SHA0112","VOLVO PENTA","SHAFT","1",
"JPR-VP0030DA","D3","21141637",,"11","JSM0075","VOLVO PENTA","MINOR KIT","1",
"JPR-VP0030DA","D3","21141637",,"12","JSK0094","VOLVO PENTA","MAJOR KIT","1","ALL INTERNAL PARTS"
"JPR-VP0030DB","D3","21379102",,"1","JPR-VP0030DB","VOLVO PENTA","SEA WATER PUMP","1","ALL INTERNAL PARTS"
"JPR-VP0030DB","D3","21379102",,"2","BER0045","VOLVO PENTA","181800 / BALL BEARING","2",
"JPR-VP0030DB","D3","21379102",,"3","164","VOLVO PENTA","3583988 / WASHER, MECHANICAL SEAL","1",
"JPR-VP0030DB","D3","21379102",,"4","176","VOLVO PENTA","(HEX SOCKET SCREW) x3","3",
"JPR-VP0030DB","D3","21379102",,"5","7136-01","VOLVO PENTA","21951352 / IMPELLER","1",
"JPR-VP0030DB","D3","21379102",,"6","MCSSET0016","VOLVO PENTA","MECHANICAL SEAL SET","1",
"JPR-VP0030DB","D3","21379102",,"7","NIP0016","VOLVO PENTA","982363 / PLUG","1",
"JPR-VP0030DB","D3","21379102",,"8","ORG0044","VOLVO PENTA","960166 / O-RING, SLINGER","1",
"JPR-VP0030DB","D3","21379102",,"9","ORG0069","VOLVO PENTA","(BC/IC) O-RING","1",
"JPR-VP0030DB","D3","21379102",,"10","SHA0119","VOLVO PENTA","SHAFT","1",
"JPR-VP0030DB","D3","21379102",,"11","SNP0006","VOLVO PENTA","809444 / SNAP RING (SMALL)","1",
"JPR-VP0030DB","D3","21379102",,"12","SNP0009","VOLVO PENTA","914523 / SNAP RING, LARGE","1",
"JPR-VP0030DB","D3","21379102",,"13","JSM0081","VOLVO PENTA","MINOR KIT","1",
"JPR-VP0030DB","D3","21379102",,"14","JSK0100","VOLVO PENTA","MAJOR KIT","1","ALL INTERNAL PARTS"
"JPR-VP0040DA","D4","3584062",,"1","JPR-VP0040DA","VOLVO PENTA","SEA WATER PUMP","1","ALL INTERNAL PARTS"
"JPR-VP0040DA","D4","3584062",,"2","BER0052","VOLVO PENTA","21422639 / BALL BEARING","2",
"JPR-VP0040DA","D4","3584062",,"3","81","VOLVO PENTA","3583604 / SCREW, END COVER","6",
"JPR-VP0040DA","D4","3584062",,"4","CAMSET0039","VOLVO PENTA","3583604 / CAM SET","1",
"JPR-VP0040DA","D4","3584062",,"5","7426-01","VOLVO PENTA","3583612 / IMPELLER","1",
"JPR-VP0040DA","D4","3584062",,"6","ORG0071","VOLVO PENTA","3588475 / O-RING, END COVER","1",
"JPR-VP0040DA","D4","3584062",,"7","KEY0032","VOLVO PENTA","3583611 / KEY, WOODRUFF","1",
"JPR-VP0040DA","D4","3584062",,"8","MCSSET0023","VOLVO PENTA","888386 / MECHANICAL SEAL SET","1",
"JPR-VP0040DA","D4","3584062",,"9","PBC0216","VOLVO PENTA","3583609 / END COVER","1",
"JPR-VP0040DA","D4","3584062",,"10","SHA0123","VOLVO PENTA","3583613 / SHAFT","1",
"JPR-VP0040DA","D4","3584062",,"11","SNP0004","VOLVO PENTA","804709 / SNAP RING, PULLEY","1",
"JPR-VP0040DA","D4","3584062",,"12","DOWEL PIN","VOLVO PENTA","21418999 / (extra info)","1",
"JPR-VP0040DA","D4","3584062",,"13","SNP0013","VOLVO PENTA","809444 / SNAP RING (MECH SEAL)","1",
"JPR-VP0040DA","D4","3584062",,"14","SPC0019","VOLVO PENTA","21422641 / SHIM, MECHANICAL SEAL","1",
"JPR-VP0040DA","D4","3584062",,"15","WER0029","VOLVO PENTA","888388 / WEAR PLATE","1",
"JPR-VP0040DA","D4","3584062",,"16","JSM0101","VOLVO PENTA","MINOR KIT","1",
"JPR-VP0040DA","D4","3584062",,"17","JSK0101","VOLVO PENTA","MAJOR KIT","1","ALL INTERNAL PARTS"
"JPR-VP0040DB","D4","21419374",,"1","JPR-VP0040DB","VOLVO PENTA","SEA WATER PUMP","1","ALL INTERNAL PARTS"
"JPR-VP0040DB","D4","21419374",,"2","BER0058","VOLVO PENTA","21422638 / BALL BEARING","1",
"JPR-VP0040DB","D4","21419374",,"3","163","VOLVO PENTA","21346724 / SCREW, END COVER","6",
"JPR-VP0040DB","D4","21419374",,"4","COV0051","VOLVO PENTA","3581617 / END COVER","1",
"JPR-VP0040DB","D4","21419374",,"5","7400-01","VOLVO PENTA","(N/A) / IMPELLER","1",
"JPR-VP0040DB","D4","21419374",,"6","MCSSET0016","VOLVO PENTA","21422647 / MECHANICAL SEAL SET","1",
"JPR-VP0040DB","D4","21419374",,"7","ORG0003","VOLVO PENTA","864649 / O-RING, SLINGER?","1",
"JPR-VP0040DB","D4","21419374",,"8","ORG0032","VOLVO PENTA","3581618 / O-RING, END COVER","1",
"JPR-VP0050D","D5, D7","3838288","3.1kg","13","SNP0009","VOLVO PENTA","914523 / SNAP RING, LARGE","1",
"JPR-VP0050D","D5, D7","3838288","3.1kg","14","SPC0019","VOLVO PENTA","3812515 / SPACER","1",
"JPR-VP0050D","D5, D7","3838288","3.1kg","15","RET0038","VOLVO PENTA","826246 / OIL SEAL","1",
"JPR-VP0050D","D5, D7","3838288","3.1kg","16","WER0001","VOLVO PENTA","N/A / WEAR PLATE","1",
"JPR-VP0050D","D5, D7","3838288","3.1kg","17","JSM0079","VOLVO PENTA","MINOR KIT","1","ALL INTERNAL PARTS"
"JPR-VP0050D","D5, D7","3838288","3.1kg","18","JSK0099","VOLVO PENTA","MAJOR KIT","1","ALL INTERNAL PARTS"
"JPR-VP0050D","D5, D7","3838288","3.1kg","1","JPR-VP0050D","VOLVO PENTA","SEA WATER PUMP","1",
"JPR-VP0060DA","D6","21380890","3.1kg","1","JPR-VP0060DA","VOLVO PENTA","SEA WATER PUMP","1","ALL INTERNAL PARTS"
"JPR-VP0060DA","D6","21380890","3.1kg","2","BER0052","VOLVO PENTA","21422639 / BALL BEARING","2",
"JPR-VP0060DA","D6","21380890","3.1kg","3","81","VOLVO PENTA","3583604 / SCREW, END COVER","6",
"JPR-VP0060DA","D6","21380890","3.1kg","4","CAMSET0037","VOLVO PENTA","3583604 / CAM SET","1",
"JPR-VP0060DA","D6","21380890","3.1kg","5","7446-01","VOLVO PENTA","3593573 / IMPELLER","1",
"JPR-VP0060DA","D6","21380890","3.1kg","6","ORG0071","VOLVO PENTA","3583611 / O-RING, END COVER","1",
"JPR-VP0060DA","D6","21380890","3.1kg","7","MCSSET0023","VOLVO PENTA","3583609 / MECHANICAL SEAL SET","1",
"JPR-VP0060DA","D6","21380890","3.1kg","8","KEY0032","VOLVO PENTA","888386 / KEY, WOODRUFF","1",
"JPR-VP0060DA","D6","21380890","3.1kg","9","PBC0218","VOLVO PENTA","3583600 / END COVER?","1",
"JPR-VP0060DA","D6","21380890","3.1kg","10","SHA0125","VOLVO PENTA","3583603 / SHAFT","1",
"JPR-VP0060DA","D6","21380890","3.1kg","11","SNP0004","VOLVO PENTA","804709 / SNAP RING, PULLEY","1",
"JPR-VP0060DA","D6","21380890",,"12","SNP0006","VOLVO PENTA","809444 / SNAP RING, MECH SEAL","1",
"JPR-VP0060DA","D6","21380890",,"13","SNP0013","VOLVO PENTA","21422641 / SNAP RING (LARGE)","1",
"JPR-VP0060DA","D6","21380890",,"14","SPC0019","VOLVO PENTA","888388 / SHIM, MECH SEAL","1",
"JPR-VP0060DA","D6","21380890",,"15","WER0029","VOLVO PENTA","807589 / WEAR PLATE","1",
"JPR-VP0060DA","D6","21380890",,"16","JSM0102","VOLVO PENTA","MINOR KIT","1",
"JPR-VP0060DA","D6","21380890",,"17","JSK0102","VOLVO PENTA","MAJOR KIT","1","ALL INTERNAL PARTS"
"JPR-VP0060DB","D6","21419376",,"1","JPR-VP0060DB","VOLVO PENTA","SEA WATER PUMP","1","ALL INTERNAL PARTS"
"JPR-VP0060DB","D6","21419376",,"2","BER0052","VOLVO PENTA","21422639 / BALL BEARING","2",
"JPR-VP0060DB","D6","21419376",,"3","163","VOLVO PENTA","21346724 / SCREW, END COVER","6",
"JPR-VP0060DB","D6","21419376",,"4","COV0051","VOLVO PENTA","21346724 / END COVER","1",
"JPR-VP0060DB","D6","21419376",,"5","7376-01","VOLVO PENTA","(N/A) / IMPELLER","1",
"JPR-VP0060DB","D6","21419376",,"6","MCSSET0021","VOLVO PENTA","21422649 / MECHANICAL SEAL SET","1",
"JPR-VP0060DB","D6","21419376",,"7","ORG0003","VOLVO PENTA","864649 / O-RING, SLINGER?","1",
"JPR-VP0060DB","D6","21419376",,"8","ORG0032","VOLVO PENTA","3581618 / O-RING, END COVER","1",
"JPR-VP0060DB","D6","21419376",,"9","SHA0118","VOLVO PENTA","21422635 / SHAFT","1",
"JPR-VP0060DB","D6","21419376",,"10","SNP0008","VOLVO PENTA","943468 / SNAP RING, MECH SEAL","1",
"JPR-VP0060DB","D6","21419376",,"11","SNP0013","VOLVO PENTA","21422641 / SNAP RING (LARGE)","1",
"JPR-VP0060DB","D6","21419376",,"12","WER0028","VOLVO PENTA","(N/A) / WEAR PLATE","1",
"JPR-VP0060DB","D6","21419376",,"13","JSM0084","VOLVO PENTA","MINOR KIT","1",
"JPR-VP0060DB","D6","21419376",,"14","JSK0103","VOLVO PENTA","MAJOR KIT","1","ALL INTERNAL PARTS"
"JPR-VP0090D","D9","21380886",,"1","JPR-VP0090D","VOLVO PENTA","SEA WATER PUMP","1",
"JPR-VP0090D","D9","21380886",,"2","BER",,,,
"JPR-VP0090D","D9","21380886",,"2","BER0059","VOLVO PENTA","3587881 / BALL BEARING","1",
"JPR-VP0090D","D9","21380886",,"3","80","VOLVO PENTA","3583605 / SCREW, END COVER","4",
"JPR-VP0090D","D9","21380886",,"4","CAMSET0036","VOLVO PENTA","3583603 / CAM SET","1",
"JPR-VP0090D","D9","21380886",,"5","COV0047","VOLVO PENTA","3587879 / END COVER","1",
"JPR-VP0090D","D9","21380886",,"6","7446-01","VOLVO PENTA","3819486 / IMPELLER","1",
"JPR-VP0090D","D9","21380886",,"7","MCSSET0023","VOLVO PENTA","3583609 / MECHANICAL SEAL SET","1",
"JPR-VP0090D","D9","21380886",,"8","ORG0059","VOLVO PENTA","925259 / O-RING, MOUNTING (INNER)","1",
"JPR-VP0090D","D9","21380886",,"9","ORG0067","VOLVO PENTA","3587885 / O-RING, END COVER","1",
"JPR-VP0090D","D9","21380886",,"10","ORG0070","VOLVO PENTA","949735 / O-RING, MOUNTING (OUTER)","1",
"JPR-VP0090D","D9","21380886",,"11","RET0051","VOLVO PENTA","3587882 / OIL SEAL","1",
"JPR-VP0090D","D9","21380886",,"12","SHA0120","VOLVO PENTA","21380884 / SHAFT","1",
"JPR-VP0090D","D9","21380886",,"13","SNP0005","VOLVO PENTA","812951 / SNAP RING (SMALL)","1",
"JPR-VP0090D","D9","21380886",,"14","SNP0006","VOLVO PENTA","809444 / SNAP RING (MECHANICAL SEAL)","1",
"JPR-VP0090D","D9","21380886",,"15","SNP0014","VOLVO PENTA","812953 / SNAP RING (LARGE)","1",
"JPR-VP0090D","D9","21380886",,"16","SPC0019","VOLVO PENTA","888388 / SHIM, MECHANICAL SEAL","1",
"JPR-VP0090D","D9","21380886",,"17","WER0029","VOLVO PENTA","807589 / WEAR PLATE","1",
"JPR-VP0090D","D9","21380886",,"18","GEA0021","VOLVO PENTA","3161258 / GEAR","1",
"JPR-VP0090D","D9","21380886",,"19","JSM0077","VOLVO PENTA","MINOR KIT","1",
"JPR-VP0090D","D9","21380886",,"20","JSK0104","VOLVO PENTA","MAJOR KIT","1","ALL INTERNAL PARTS"
"JPR-VP0110DA","D11","21219723",,"1","JPR-VP0110DA","VOLVO PENTA","SEA WATER PUMP","1",
"JPR-VP0110DA","D11","21219723",,"2","BER0059","VOLVO PENTA","3587881 / BALL BEARING","1",
"JPR-VP0110DA","D11","21219723",,"3","81","VOLVO PENTA","3583604 / SCREW, END COVER","4",
"JPR-VP0110DA","D11","21219723",,"4","CAMSET0038","VOLVO PENTA","21277458 / CAM SET","1",
"JPR-VP0110DA","D11","21219723",,"5","COV0037","VOLVO PENTA","N/A / END COVER","1",
"JPR-VP0110DA","D11","21219723",,"6","8000-01","VOLVO PENTA","21730344 / IMPELLER","1",
"JPR-VP0110DA","D11","21219723",,"7","MCSSET0003","VOLVO PENTA","3829315 / MECHANICAL SEAL SET","1",
"JPR-VP0110DA","D11","21219723",,"8","ORG0059","VOLVO PENTA","3587885 / O-RING, MOUNTING (INNER)","2",
"JPR-VP0110DA","D11","21219723",,"9","ORG0070","VOLVO PENTA","925259 / O-RING, MOUNTING (OUTER)","1",
"JPR-VP0110DA","D11","21219723",,"10","SHA0122","VOLVO PENTA","N/A / SHAFT","1",
"JPR-VP0110DA","D11","21219723",,"11","SNP0005","VOLVO PENTA","812951 / SNAP RING (SMALL)","1",
"JPR-VP0110DA","D11","21219723",,"12","SNP0014","VOLVO PENTA","812953 / SNAP RING (LARGE)","1",
"JPR-VP0110DA","D11","21219723",,"13","SPC0012","VOLVO PENTA","888388 / SHIM, MECHANICAL SEAL","1",
"JPR-VP0110DA","D11","21219723",,"14","WER0018","VOLVO PENTA","826230 / WEAR PLATE","1",
"JPR-VP0110DA","D11","21219723",,"15","GEA0021","VOLVO PENTA","3161258 / GEAR","1",
"JPR-VP0110DA","D11","21219723",,"16","JSM0085","VOLVO PENTA","MINOR KIT","1",
"JPR-VP0110DA","D11","21219723",,"17","JSK0105","VOLVO PENTA","MAJOR KIT","1","ALL INTERNAL PARTS"
"JPR-VP0110DB","D11","22063494",,"1","JPR-VP0110DB","VOLVO PENTA","SEA WATER PUMP","1",
"JPR-VP0110DB","D11","22063494",,"2","BER0059","VOLVO PENTA","3587881 / BALL BEARING","1",
"JPR-VP0110DB","D11","22063494",,"3","80","VOLVO PENTA","3583605 / SCREW, END COVER","4",
"JPR-VP0110DB","D11","22063494",,"4","CAMSET0037","VOLVO PENTA","3589908 / CAM SET (WITH SCREW, PACKING)","1",
"JPR-VP0110DB","D11","22063494",,"5","COV0047","VOLVO PENTA","3587879 / END COVER","1",
"JPR-VP0110DB","D11","22063494",,"6","7446-01","VOLVO PENTA","21730348 / IMPELLER","1",
"JPR-VP0110DB","D11","22063494",,"7","MCSSET0023","VOLVO PENTA","3583609 / MECHANICAL SEAL SET","1",
"JPR-VP0110DB","D11","22063494",,"8","ORG0059","VOLVO PENTA","925259 / O-RING, MOUNTING (INNER)","1",
"JPR-VP0110DB","D11","22063494",,"9","ORG0067","VOLVO PENTA","3587885 / O-RING, END COVER","1",
"JPR-VP0110DB","D11","22063494",,"10","ORG0070","VOLVO PENTA","949735 / O-RING, MOUNTING (OUTER)","1",
"JPR-VP0110DB","D11","22063494",,"11","RET0051","VOLVO PENTA","3587882 / OIL SEAL","1",
"JPR-VP0110DB","D11","22063494",,"12","SHA0120","VOLVO PENTA","21380884 / SHAFT","1",
"JPR-VP0110DB","D11","22063494",,"13","SNP0005","VOLVO PENTA","812951 / SNAP RING (SMALL)","1",
"JPR-VP0110DB","D11","22063494",,"14","SNP0006","VOLVO PENTA","809444 / SNAP RING (MECHANICAL SEAL)","1",
"JPR-VP0110DB","D11","22063494",,"15","SNP0014","VOLVO PENTA","812953 / SNAP RING (LARGE)","1",
"JPR-VP0110DB","D11","22063494",,"16","SPC0019","VOLVO PENTA","888388 / SHIM, MECHANICAL SEAL","1",
"JPR-VP0110DB","D11","22063494",,"17","WER0029","VOLVO PENTA","807589 / WEAR PLATE","1",
"JPR-VP0110DB","D11","22063494",,"18","GEA0021","VOLVO PENTA","3161258 / GEAR","1",
"JPR-VP0110DB","D11","22063494",,"19","JSM0086","VOLVO PENTA","MINOR KIT","1",
"JPR-VP0110DB","D11","22063494",,"20","JSK0106","VOLVO PENTA","MAJOR KIT","1","ALL INTERNAL PARTS"
"JPR-VP0120D","D12","3838207","12kg","1","JPR-VP0120D","VOLVO PENTA","SEA WATER PUMP","1",
"JPR-VP0120D","D12","3838207","12kg","2","BER0005","VOLVO PENTA","11013 / BALL BEARING","2",
"JPR-VP0120D","D12","3838207","12kg","3","81","VOLVO PENTA","963554 / SCREW, END COVER","5",
"JPR-VP0120D","D12","3838207","12kg","4","CAMSET0028","VOLVO PENTA","3830661 / CAM SET (WITH SCREW, PACKING)","1",
"JPR-VP0120D","D12","3838207","12kg","5","COV0037","VOLVO PENTA","3817938 / END COVER","1",
"JPR-VP0120D","D12","3838207","12kg","6","8326-01","VOLVO PENTA","3830459 / IMPLLER","1",
"JPR-VP0120D","D12","3838207","12kg","7","MCSSET0003","VOLVO PENTA","3829315 / MECHANICAL SEAL SET","1",
"JPR-VP0120D","D12","3838207","12kg","8","NIP0014","VOLVO PENTA","981749 / DRAIN PLUG","1",
"JPR-VP0120D","D12","3838207","12kg","9","ORG0059","VOLVO PENTA","925259 / O-RING , END COVER","1",
"JPR-VP0120D","D12","3838207","12kg","10","ORG0063","VOLVO PENTA","949736 / O-RING, MOUNTING (VITON)","1",
"JPR-VP0120D","D12","3838207","12kg","11","RET001301","VOLVO PENTA","845795 / OIL SEAL","1",
"JPR-VP0120D","D12","3838207","12kg","12","SHA0114","VOLVO PENTA","3838208 / SHAFT","1",
"JPR-VP0120D","D12","3838207","12kg","13","SNP0013","VOLVO PENTA","825735 / SNAP RING","1",
"JPR-VP0120D","D12","3838207","12kg","14","WER0018","VOLVO PENTA","8262303 / WEAR PLATE","1",
"JPR-VP0120D","D12","3838207","12kg","15","JSM0076","VOLVO PENTA","MINOR KIT","1",
"JPR-VP0120D","D12","3838207","12kg","16","JSK0095","VOLVO PENTA","MAJOR KIT","1","ALL INTERNAL PARTS"
"JPR-VP0130D","D13","3886848","14.2kg","1","JPR-VP0130D","VOLVO PENTA","SEA WATER PUMP","1",
"JPR-VP0130D","D13","3886848","14.2kg","2","BER0005","VOLVO PENTA","11013 / BALL BEARING","2",
"JPR-VP0130D","D13","3886848","14.2kg","3","81","VOLVO PENTA","3583605 / SCREW, END COVER","5",
"JPR-VP0130D","D13","3886848","14.2kg","4","160","VOLVO PENTA","3587886 / HEXGON NUT","1",
"JPR-VP0130D","D13","3886848","14.2kg","5","161","VOLVO PENTA","941914 / SPRING WASHER","1",
"JPR-VP0130D","D13","3886848","14.2kg","6","CAMSET0028","VOLVO PENTA","3830661 / CAM SET (WITH SCREW, PACKING)","1",
"JPR-VP0130D","D13","3886848","14.2kg","7","COV0037","VOLVO PENTA","3817938 / END COVER","1",
"JPR-VP0130D","D13","3886848","14.2kg","8","8326-01","VOLVO PENTA","3830459 / IMPLLER","1",
"JPR-VP0130D","D13","3886848","14.2kg","9","MCSSET0003","VOLVO PENTA","3829315 / MECHANICAL SEAL SET","1",
"JPR-VP0130D","D13","3886848","14.2kg","10","ORG0059","VOLVO PENTA","925259 / O-RING","1",
"JPR-VP0130D","D13","3886848","14.2kg","11","ORG0060","VOLVO PENTA","992065 / O-RING, MOUNTING (VITON)","1",
"JPR-VP0130D","D13","3886848","14.2kg","12","RET001301","VOLVO PENTA","845795 / OIL SEAL","1",
"JPR-VP0130D","D13","3886848","14.2kg","13","SHA0113","VOLVO PENTA","21165584 / SHAFT","1",
"JPR-VP0130D","D13","3886848","14.2kg","14","SNP0013","VOLVO PENTA","825735 / SNAP RING","1",
"JPR-VP0130D","D13","3886848","14.2kg","15","WER0018","VOLVO PENTA","826230 / WEAR PLATE","1",
"JPR-VP0130D","D13","3886848","14.2kg","16","GEA0020","VOLVO PENTA","8131848 / GEAR","1",
"JPR-VP0130D","D13","3886848","14.2kg","17","JSM0076","VOLVO PENTA","MINOR KIT","1",
"JPR-VP0130D","D13","3886848","14.2kg","18","JSK0096","VOLVO PENTA","MAJOR KIT","1","ALL INTERNAL PARTS"
"JPR-VP0160D","D16","3589104","14.7kg","1","JPR-VP0160D","VOLVO PENTA","SEA WATER PUMP","1",
"JPR-VP0160D","D16","3589104","14.7kg","2","BER0005","VOLVO PENTA","11013 / BALL BEARING","2",
"JPR-VP0160D","D16","3589104","14.7kg","3","81","VOLVO PENTA","3583605 / SCREW, END COVER","5",
"JPR-VP0160D","D16","3589104","14.7kg","4","CAMSET0028","VOLVO PENTA","3830661 / CAM SET (WITH SCREW, PACKING)","1",
"JPR-VP0160D","D16","3589104","14.7kg","5","COV0037","VOLVO PENTA","3817938 / END COVER","1",
"JPR-VP0160D","D16","3589104","14.7kg","6","8326-01","VOLVO PENTA","3830459 / IMPLLER","1",
"JPR-VP0160D","D16","3589104","14.7kg","7","MCSSET0003","VOLVO PENTA","3829315 / MECHANICAL SEAL SET","1",
"JPR-VP0160D","D16","3589104","14.7kg","8","ORG0059","VOLVO PENTA","925259 / O-RING","1",
"JPR-VP0160D","D16","3589104","14.7kg","9","ORG0060","VOLVO PENTA","992065 / O-RING, MOUNTING (VITON)","1",
"JPR-VP0160D","D16","3589104","14.7kg","10","RET001301","VOLVO PENTA","845795 / OIL SEAL","1",
"JPR-VP0160D","D16","3589104","14.7kg","11","SHA0106","VOLVO PENTA","N/A / SHAFT","1",
"JPR-VP0160D","D16","3589104","14.7kg","12","SNP0013","VOLVO PENTA","825735 / SNAP RING","1",
"JPR-VP0160D","D16","3589104","14.7kg","13","WER0018","VOLVO PENTA","826230 / WEAR PLATE","1",
"JPR-VP0160D","D16","3589104","14.7kg","14","GEA0020","VOLVO PENTA","8131848 / GEAR","1",
"JPR-VP0160D","D16","3589104","14.7kg","15","JSM0076","VOLVO PENTA","MINOR KIT","1",
"JPR-VP0160D","D16","3589104","14.7kg","16","JSK0075","VOLVO PENTA","MAJOR KIT","1","ALL INTERNAL PARTS"