Applications,CEF IMPELLERS,CEF IMPELLERS NBR Version,CEF KITs CODES,Remarks,Manufacturer,Tipologia Applicazione,Applications_note,Tipologia
"3.0GL, 3.0GS, 3.0GLM-A/B/C",500107GT,,,,VOLVO-PENTA,INBOARD ENGINES,,
3.0GLM-A/B/C,500189GT,,,,VOLVO-PENTA,INBOARD ENGINES,,
3.0GLP-A/B/C,500189GT,,,,VOLVO-PENTA,INBOARD ENGINES,,
"3.0GLP-D, 3.0GLP-E",500178G,,,,VOLVO-PENTA,INBOARD ENGINES,,
"3.0GLP-J, 3.0GLP-N",500178G,,,,VOLVO-PENTA,INBOARD ENGINES,,
3.0GSM-A/B/C,500189GT,,,,VOLVO-PENTA,INBOARD ENGINES,,
3.0GSMBY,500107GT,,,,VOLVO-PENTA,INBOARD ENGINES,,
"3.0GSMLKD, 3.0GSPLKD",500107GT,,,,VOLVO-PENTA,INBOARD ENGINES,,
"3.0GSMNCA, 3.0GSMNCS",500107GT,,,,VOLVO-PENTA,INBOARD ENGINES,,
"3.0GSMWTR, 3.0GSMWTS",500107GT,,,,VOLVO-PENTA,INBOARD ENGINES,,
3.0GSP-A/B/C,500189GT,,,,VOLVO-PENTA,INBOARD ENGINES,,
3.0GSPBY,500107GT,,,,VOLVO-PENTA,INBOARD ENGINES,,
"3.0GSPNCA, 3.0GSPNCS",500107GT,,,,VOLVO-PENTA,INBOARD ENGINES,,
"3.0GSPWTR, 3.0GSPWTS",500107GT,,,,VOLVO-PENTA,INBOARD ENGINES,,
"4,3L, GL,GS, GI, GXI, OSI",500534,,,EXHAUST BELLOW/SOFFIETTO SCARICO,VOLVO-PENTA,INBOARD ENGINES,,
"4.3GIJBYA, 4.3GIJWTR",500107GT,,,,VOLVO-PENTA,INBOARD ENGINES,,
4.3GIPBYCCE,500107GT,,,,VOLVO-PENTA,INBOARD ENGINES,,
4.3GIPEFS,500189GT,,,,VOLVO-PENTA,INBOARD ENGINES,,
4.3GIPEFS,500107GT,,,,VOLVO-PENTA,INBOARD ENGINES,,
4.3GIPHUSCE,500107GT,,,,VOLVO-PENTA,INBOARD ENGINES,,
"4.3GIPLKDCE, 4.3GIPLKECE",500107GT,,,,VOLVO-PENTA,INBOARD ENGINES,,
4.3GIPNCACE,500107GT,,,,VOLVO-PENTA,INBOARD ENGINES,,
"4.3GIPNCBCE, 4.3GIPNCMCE, 4.3GIPNCSCE",500107GT,,,,VOLVO-PENTA,INBOARD ENGINES,,
"4.3GIPWTC, 4.3GIPWTR",500107GT,,,,VOLVO-PENTA,INBOARD ENGINES,,
"4.3GL-A/B/C/D, 4.3GS, 4.GI",500107GT,,,,VOLVO-PENTA,INBOARD ENGINES,,
"4.3GL-E, 4.3GL-EF",500178G,,,,VOLVO-PENTA,INBOARD ENGINES,,
"4.3GL-G, 4.3GL-GF",500178G,,,,VOLVO-PENTA,INBOARD ENGINES,,
4.3GLMMDA,500107GT,,,,VOLVO-PENTA,INBOARD ENGINES,,
4.3GLPBYC,500107GT,,,,VOLVO-PENTA,INBOARD ENGINES,,
4.3GLPEFS,500189GT,,,,VOLVO-PENTA,INBOARD ENGINES,,
4.3GLPHUB,500107GT,,,,VOLVO-PENTA,INBOARD ENGINES,,
"4.3GLPLKD, 4.3GLPLKE",500107GT,,,,VOLVO-PENTA,INBOARD ENGINES,,
4.3GLPMDA,500107GT,,,,VOLVO-PENTA,INBOARD ENGINES,,
"4.3GLPNCA, 4.3GLPNCB, 4.3GLPNCS",500107GT,,,,VOLVO-PENTA,INBOARD ENGINES,,
"4.3GLPWTC, 4.3GLPWTR",500107GT,,,,VOLVO-PENTA,INBOARD ENGINES,,
"4.3GL-J, 4.3GL-JF",500178G,,,,VOLVO-PENTA,INBOARD ENGINES,,
4.3GSJBYA,500107GT,,,,VOLVO-PENTA,INBOARD ENGINES,,
"4.3GSJLKD, 4.3GSJWTR",500107GT,,,,VOLVO-PENTA,INBOARD ENGINES,,
"4.3GSJNCC, 4.3GSJNCS",500107GT,,,,VOLVO-PENTA,INBOARD ENGINES,,
4.3GSPBYC,500107GT,,,,VOLVO-PENTA,INBOARD ENGINES,,
"4.3GSPHUB, 4.3GSPHUS",500107GT,,,,VOLVO-PENTA,INBOARD ENGINES,,
"4.3GSPLKD, 4.3GSPLKE",500107GT,,,,VOLVO-PENTA,INBOARD ENGINES,,
4.3GSPMDA,500107GT,,,,VOLVO-PENTA,INBOARD ENGINES,,
"4.3GSPNCA, 4.3GSPNCB",500107GT,,,,VOLVO-PENTA,INBOARD ENGINES,,
"4.3GSPNCM, 4.3GSPNCS",500107GT,,,,VOLVO-PENTA,INBOARD ENGINES,,
"4.3GSPWTC, 4.3GSPWTR",500107GT,,,,VOLVO-PENTA,INBOARD ENGINES,,
4.3GXI-A/B/C/D/E/BF/CF/DF/EF,500189GT,,,,VOLVO-PENTA,INBOARD ENGINES,,
"4.3GXI-F, 4.3GXI-FF",500178G,,,,VOLVO-PENTA,INBOARD ENGINES,,
"4.3GXI-G, 4.3GXI-GF",500178G,,,,VOLVO-PENTA,INBOARD ENGINES,,
"4.3GXI-J, 4.3GXI-JF",500178G,,,,VOLVO-PENTA,INBOARD ENGINES,,
4.3GXIE-M,500178G,,,,VOLVO-PENTA,INBOARD ENGINES,,
4.3OSI-B/C/D/E/BF/CF/DF/EF,500189GT,,,,VOLVO-PENTA,INBOARD ENGINES,,
"4.3OSI-G, 4.3OSI-GF",500178G,,,,VOLVO-PENTA,INBOARD ENGINES,,
"4.3OSI-F, 4.3OSI-FF",500178G,,,,VOLVO-PENTA,INBOARD ENGINES,,
"4.3OSI-J, 4.3OSI-JF",500178G,,,,VOLVO-PENTA,INBOARD ENGINES,,
"5.0FIPHUBCE, 5.0FIPHUCCE, 5.0FIPHUECE",500107GT,,,,VOLVO-PENTA,INBOARD ENGINES,,
"5.0FIPHURCE, 5.0FIPHUSCE",500107GT,,,,VOLVO-PENTA,INBOARD ENGINES,,
"5.0FIPMDA, 5.0FIPMDM",500107GT,,,,VOLVO-PENTA,INBOARD ENGINES,,
"5.0FIPNCACE, 5.0FIPNCBCE, 5.0FIPNCMCE",500107GT,,,,VOLVO-PENTA,INBOARD ENGINES,,
5.0FIPNCSCE,500107GT,,,,VOLVO-PENTA,INBOARD ENGINES,,
"5.0FL, 5.0FI, 5.0GI",500107GT,,,,VOLVO-PENTA,INBOARD ENGINES,,
"5.0FLPHUB, 5.0FLPHUC",500107GT,,,,VOLVO-PENTA,INBOARD ENGINES,,
"5.0FLPHUE, 5.0FLPHUR, 5.0FLPHUS",500107GT,,,,VOLVO-PENTA,INBOARD ENGINES,,
5.0FLPMDA,500107GT,,,,VOLVO-PENTA,INBOARD ENGINES,,
"5.0FLPNCA, 5.0FLPNCB",500107GT,,,,VOLVO-PENTA,INBOARD ENGINES,,
"5.0FLPNCM, 5.0FLPNCS",500107GT,,,,VOLVO-PENTA,INBOARD ENGINES,,
5.0GIPBYCCE,500107GT,,,,VOLVO-PENTA,INBOARD ENGINES,,
5.0GIPEFS,500107GT,,,,VOLVO-PENTA,INBOARD ENGINES,,
5.0GIPWTR,500107GT,,,,VOLVO-PENTA,INBOARD ENGINES,,
5.0GL-A/B/C/D/E,500107GT,,,,VOLVO-PENTA,INBOARD ENGINES,,
"5.0GL-F, 5.0GL-FF",500178G,,,,VOLVO-PENTA,INBOARD ENGINES,,
"5.0GL-H, 5.0GL-HP",500178G,,,,VOLVO-PENTA,INBOARD ENGINES,,
"5.0GL-J, 5.0GL-JF",500178G,,,,VOLVO-PENTA,INBOARD ENGINES,,
5.0GLPBYC,500107GT,,,,VOLVO-PENTA,INBOARD ENGINES,,
5.0GLPEFS,500107GT,,,,VOLVO-PENTA,INBOARD ENGINES,,
5.0GLPWTR,500107GT,,,,VOLVO-PENTA,INBOARD ENGINES,,
5.0GXI-A/B/C/BF/CF/D/DF/E/EF,500189GT,,,,VOLVO-PENTA,INBOARD ENGINES,,
"5.0GXI-F, 5.0GXI-FF",500178G,,,,VOLVO-PENTA,INBOARD ENGINES,,
"5.0GXI-G, 5.0GXI-GF",500178G,,,,VOLVO-PENTA,INBOARD ENGINES,,
"5.0GXI-J, 5.0GXI-JF",500178G,,,,VOLVO-PENTA,INBOARD ENGINES,,
5.0GXI-N,500178G,,,,VOLVO-PENTA,INBOARD ENGINES,,
"5.0GXICE-J, 5.0GXICE-JF",500178G,,,,VOLVO-PENTA,INBOARD ENGINES,,
"5.0GXICE-M, 5.0GXICE-MF",500178G,,,,VOLVO-PENTA,INBOARD ENGINES,,
"5.0GXIE-J, 5.0GXIE-JF",500178G,,,,VOLVO-PENTA,INBOARD ENGINES,,
"5.0GXIE-K, 5.0GXIE-KF",500178G,,,,VOLVO-PENTA,INBOARD ENGINES,,
"5.0GXIE-M, 5.0GXIE-MF",500178G,,,,VOLVO-PENTA,INBOARD ENGINES,,
5.0GXIE-N,500178G,,,,VOLVO-PENTA,INBOARD ENGINES,,
"5.0L, FI, GL, FL, GXI, OSI",500534,,,EXHAUST BELLOW/SOFFIETTO SCARICO,VOLVO-PENTA,INBOARD ENGINES,,
5.0OSI-B/C/D/E/BF/CF/DF/EF,500189GT,,,,VOLVO-PENTA,INBOARD ENGINES,,
5.0OSIE-J,500178G,,,,VOLVO-PENTA,INBOARD ENGINES,,
5.0OSIE-JF,500178G,,,,VOLVO-PENTA,INBOARD ENGINES,,
"5.0OSI-F, 5.0OSI-FF",500178G,,,,VOLVO-PENTA,INBOARD ENGINES,,
"5.0OSI-G, 5.0OSI-GF",500178G,,,,VOLVO-PENTA,INBOARD ENGINES,,
"5.0OSI-J, 5.0OSI-JF",500178G,,,,VOLVO-PENTA,INBOARD ENGINES,,
"5,7L, GI, GIL, OSI, GXI, OSXI",500534,,,EXHAUST BELLOW/SOFFIETTO SCARICO,VOLVO-PENTA,INBOARD ENGINES,,
5.7GI-300-N,500178G,,,,VOLVO-PENTA,INBOARD ENGINES,,
5.7GI-A/B/C/D/E/BF/CF/DF/EF,500189GT,,,,VOLVO-PENTA,INBOARD ENGINES,,
"5.7GI-G, 5.7GI-GF",500178G,,,,VOLVO-PENTA,INBOARD ENGINES,,
"5.7GI-F, 5.7GI-FF, 5.7GXI-G, 5.7GXI-GF,",500178G,,,,VOLVO-PENTA,INBOARD ENGINES,,
"5.7GIC-300-J, 5.7GIC-300-JF",500178G,,,,VOLVO-PENTA,INBOARD ENGINES,,
"5.7GICE-300-J, 5.7GICE-300-JF",500178G,,,,VOLVO-PENTA,INBOARD ENGINES,,
"5.7GICE-300-M, 5.7GICE-300-MF",500178G,,,,VOLVO-PENTA,INBOARD ENGINES,,
"5.7GIE-300-J, 5.7GIE-300-JF,",500178G,,,,VOLVO-PENTA,INBOARD ENGINES,,
"5.7GIE-300-K, 5.7GIE-300-KF,",500178G,,,,VOLVO-PENTA,INBOARD ENGINES,,
"5.7GIE-300-M, 5.7GIE-300-MF,",500178G,,,,VOLVO-PENTA,INBOARD ENGINES,,
5.7GIE-300-N,500178G,,,,VOLVO-PENTA,INBOARD ENGINES,,
5.7GII-A/C/D/E,500189GT,,,,VOLVO-PENTA,INBOARD ENGINES,,
5.7GII-F,500178G,,,,VOLVO-PENTA,INBOARD ENGINES,,
5.7GII-G,500178G,,,,VOLVO-PENTA,INBOARD ENGINES,,
"5.7GI-300-J, 5.7GI-300-JF",500178G,,,,VOLVO-PENTA,INBOARD ENGINES,,
5.7GIIMDA,500107GT,,,,VOLVO-PENTA,INBOARD ENGINES,,
5.7GIINCCCE,500107GT,,,,VOLVO-PENTA,INBOARD ENGINES,,
5.7GIINCSCE,500107GT,,,,VOLVO-PENTA,INBOARD ENGINES,,
5.7GIPHUS,500107GT,,,,VOLVO-PENTA,INBOARD ENGINES,,
"5.7GIPLKDCE, 5.7GIPLKECE",500107GT,,,,VOLVO-PENTA,INBOARD ENGINES,,
"5.7GIPMDA, 5.7GIPMDACE",500107GT,,,,VOLVO-PENTA,INBOARD ENGINES,,
"5.7GIPNCMCE, 5.7GIPNCBCE",500107GT,,,,VOLVO-PENTA,INBOARD ENGINES,,
"5.7GIPNCSCE, 5.7GIPNCSCE",500107GT,,,,VOLVO-PENTA,INBOARD ENGINES,,
5.7GL-A//B/C/D/E,500107GT,,,,VOLVO-PENTA,INBOARD ENGINES,,
5.7GLIMDA,500107GT,,,,VOLVO-PENTA,INBOARD ENGINES,,
5.7GLIPLKDCE,500107GT,,,,VOLVO-PENTA,INBOARD ENGINES,,
"5.7GLPLKA, 5.7GLPLKD, 5.7GLPLKE, 5.7GLPLKR",500107GT,,,,VOLVO-PENTA,INBOARD ENGINES,,
5.7GLPMDA,500107GT,,,,VOLVO-PENTA,INBOARD ENGINES,,
5.7GLPNCS,500107GT,,,,VOLVO-PENTA,INBOARD ENGINES,,
5.7GSICPLKD,500107GT,,,,VOLVO-PENTA,INBOARD ENGINES,,
"5.7GSII-A, 5.7GXI-A/B/D/DF/E/EF/F/FF",500107GT,,,,VOLVO-PENTA,INBOARD ENGINES,,
"5.7GSIPBYCCE, 5.7GSIPBYDCE",500107GT,,,,VOLVO-PENTA,INBOARD ENGINES,,
5.7GSIPEFS,500107GT,,,,VOLVO-PENTA,INBOARD ENGINES,,
"5.7GSIPLKDCE, 5.7GSIPLKE",500107GT,,,,VOLVO-PENTA,INBOARD ENGINES,,
5.7GSIPWTR,500107GT,,,,VOLVO-PENTA,INBOARD ENGINES,,
5.7GSPBYC,500107GT,,,,VOLVO-PENTA,INBOARD ENGINES,,
5.7GSPEFS,500107GT,,,,VOLVO-PENTA,INBOARD ENGINES,,
"5.7GSPLKD, 5.7GSPLKE",500107GT,,,,VOLVO-PENTA,INBOARD ENGINES,,
5.7GSPWTR,500107GT,,,,VOLVO-PENTA,INBOARD ENGINES,,
5.7GXI-C/D/E/F/CF/DF/EF/FF,500189GT,,,,VOLVO-PENTA,INBOARD ENGINES,,
"5.7GXI-J, 5.7GXI-JF",500178G,,,,VOLVO-PENTA,INBOARD ENGINES,,
"5.7GXI-H, 5.7GXI-HF",500178G,,,,VOLVO-PENTA,INBOARD ENGINES,,
5.7GXI-N,500178G,,,,VOLVO-PENTA,INBOARD ENGINES,,
"5.7GXIC-J, 5.7GXIC-JF",500178G,,,,VOLVO-PENTA,INBOARD ENGINES,,
"5.7GXICE-J, 5.7GXICE-JF",500178G,,,,VOLVO-PENTA,INBOARD ENGINES,,
"5.7GXICE-M, 5.7GXICE-MF",500178G,,,,VOLVO-PENTA,INBOARD ENGINES,,
"5.7GXIE-J, 5.7GXIE-JF",500178G,,,,VOLVO-PENTA,INBOARD ENGINES,,
"5.7GXIE-K, 5.7GXIE-KF",500178G,,,,VOLVO-PENTA,INBOARD ENGINES,,
"5.7GXIE-M, 5.7GXIE-MF",500178G,,,,VOLVO-PENTA,INBOARD ENGINES,,
5.7GXIE-N,500178G,,,,VOLVO-PENTA,INBOARD ENGINES,,
5.7GXII-A/B/C/D/E/F,500189GT,,,,VOLVO-PENTA,INBOARD ENGINES,,
5.7GXII-G,500178G,,,,VOLVO-PENTA,INBOARD ENGINES,,
5.7GXII-H,500178G,,,,VOLVO-PENTA,INBOARD ENGINES,,
5.7OSI-A/B/C/D/DAF/BF/CF/DF,500189GT,,,,VOLVO-PENTA,INBOARD ENGINES,,
"5.7OSI-E, 5.7OSI-EF, 5.7OSXI-E, 5.7OSXI-EF",500178G,,,,VOLVO-PENTA,INBOARD ENGINES,,
"5.7OSI-300-J, 5.7OSI-300-JF",500178G,,,,VOLVO-PENTA,INBOARD ENGINES,,
"5.7OSI-G, 5.7OSI-GF",500178G,,,,VOLVO-PENTA,INBOARD ENGINES,,
"5.7OSIE-300-J, 5.7OSIE-300-JF",500178G,,,,VOLVO-PENTA,INBOARD ENGINES,,
5.7OSXI-A/B/C/D/AF/BF/CF/DF,500189GT,,,,VOLVO-PENTA,INBOARD ENGINES,,
"5.7OSXI-E, 5.7OSXI-EF",500178G,,,,VOLVO-PENTA,INBOARD ENGINES,,
"5.7OSXI-G, 5.7OXI-GF",500178G,,,,VOLVO-PENTA,INBOARD ENGINES,,
"5.7OSXI-J, 5.7OXI-JF",500178G,,,,VOLVO-PENTA,INBOARD ENGINES,,
"5.7OSXIE-J, 5.7OSXIE-JF",500178G,,,,VOLVO-PENTA,INBOARD ENGINES,,
"5.7GS, 5.7GSI, 5.8FL, 5.8FSI",500107GT,,,,VOLVO-PENTA,INBOARD ENGINES,,
"5.8FI, 500A, 500B, 501A, 501B, 570A",500107GT,,,,VOLVO-PENTA,INBOARD ENGINES,,
"5.8FIIHUBCE, 5.8FIIHUECE",500107GT,,,,VOLVO-PENTA,INBOARD ENGINES,,
5.8FIPHUBCE,500107GT,,,,VOLVO-PENTA,INBOARD ENGINES,,
"5.8FIPHUCCE, 5.8FIPHUECE, 5.8FIPHURCE",500107GT,,,,VOLVO-PENTA,INBOARD ENGINES,,
5.8FIPHUSCE,500107GT,,,,VOLVO-PENTA,INBOARD ENGINES,,
"5.8FIPMDA, 5.8FIPMDM",500107GT,,,,VOLVO-PENTA,INBOARD ENGINES,,
"5.8FIPNCACE, 5.8FIPNCBCE, 5.8FIPNCMCE",500107GT,,,,VOLVO-PENTA,INBOARD ENGINES,,
5.8FIPNCSCE,500107GT,,,,VOLVO-PENTA,INBOARD ENGINES,,
"5.8FLIHUB, 5,8FLIHUE",500107GT,,,,VOLVO-PENTA,INBOARD ENGINES,,
"5.8FLINCC, 5.8FLINCS",500107GT,,,,VOLVO-PENTA,INBOARD ENGINES,,
5.8FLPHUC,500107GT,,,,VOLVO-PENTA,INBOARD ENGINES,,
"5.8FLPHUE, 5.8FLPHUR",500107GT,,,,VOLVO-PENTA,INBOARD ENGINES,,
5.8FLPMDA,500107GT,,,,VOLVO-PENTA,INBOARD ENGINES,,
5.8FLPNCA,500107GT,,,,VOLVO-PENTA,INBOARD ENGINES,,
"5.8FLPNCB, 5.8FLPNCM, 5.8FLPNCS",500107GT,,,,VOLVO-PENTA,INBOARD ENGINES,,
5.8FSIINCC,500107GT,,,,VOLVO-PENTA,INBOARD ENGINES,,
5.8FSIINCS,500107GT,,,,VOLVO-PENTA,INBOARD ENGINES,,
5.8FSIPHUBCE,500107GT,,,,VOLVO-PENTA,INBOARD ENGINES,,
"5.8FSIPHUCCE, 5.8FSIPHUECE, 5.8FSIPHURCE",500107GT,,,,VOLVO-PENTA,INBOARD ENGINES,,
5.8FSIPHUSCE,500107GT,,,,VOLVO-PENTA,INBOARD ENGINES,,
"5.8FSIPNCACE, 5.8FSIPNCD",500107GT,,,,VOLVO-PENTA,INBOARD ENGINES,,
5.8FSIPNCS,500107GT,,,,VOLVO-PENTA,INBOARD ENGINES,,
"5.8L, FL, FI, FSI",500534,,,EXHAUST BELLOW/SOFFIETTO SCARICO,VOLVO-PENTA,INBOARD ENGINES,,
7.45GI,500107GT,,,,VOLVO-PENTA,INBOARD ENGINES,,
7.4GIIHUBCE,500107GT,,,,VOLVO-PENTA,INBOARD ENGINES,,
7.4GIINCCCE,500107GT,,,,VOLVO-PENTA,INBOARD ENGINES,,
7.4GIINCSCE,500107GT,,,,VOLVO-PENTA,INBOARD ENGINES,,
"7.4GIPBYCCE, 7.4GIPBYDCE",500107GT,,,,VOLVO-PENTA,INBOARD ENGINES,,
7.4GIPEFS,500189GT,,,,VOLVO-PENTA,INBOARD ENGINES,,
"7.4GIPLKDCE, 7.4GIPLKECE",500107GT,,,,VOLVO-PENTA,INBOARD ENGINES,,
7.4GIPNCACE,500107GT,,,,VOLVO-PENTA,INBOARD ENGINES,,
"7.4GIPNCBCE, 7.4GIPNCMCE, 7.4GIPNCSCE",500107GT,,,,VOLVO-PENTA,INBOARD ENGINES,,
7.4GIPWTR,500189GT,,,,VOLVO-PENTA,INBOARD ENGINES,,
"7.4GLIHUB, 7.4GLIHUB",500107GT,,,,VOLVO-PENTA,INBOARD ENGINES,,
"7.4GLIMDA,7.4GLIMDM",500107GT,,,,VOLVO-PENTA,INBOARD ENGINES,,
"7.4GLINCC, 7.4GLINCS",500107GT,,,,VOLVO-PENTA,INBOARD ENGINES,,
"7.4GLPHUS, 7.4GIPHUSCE",500107GT,,,,VOLVO-PENTA,INBOARD ENGINES,,
"7.4GLPLKD, 7.4GLPLKE",500107GT,,,,VOLVO-PENTA,INBOARD ENGINES,,
"7.4GLPMDA, 7.4GLPMDM",500107GT,,,,VOLVO-PENTA,INBOARD ENGINES,,
"7.4GLPNCA, 7.4GLPNCS, 7.4GLPNCM, 7.4GLPNCB",500107GT,,,,VOLVO-PENTA,INBOARD ENGINES,,
"7.4GSI,",500107GT,,,,VOLVO-PENTA,INBOARD ENGINES,,
"7.4GSIINCC, 7.4GSIINCS",500107GT,,,,VOLVO-PENTA,INBOARD ENGINES,,
7.4GSIPBYCCE,500107GT,,,,VOLVO-PENTA,INBOARD ENGINES,,
7.4GSIPEFS,500189GT,,,,VOLVO-PENTA,INBOARD ENGINES,,
7.4GSIPWTR,500189GT,,,,VOLVO-PENTA,INBOARD ENGINES,,
7.4GSIXHUS,500107GT,,,,VOLVO-PENTA,INBOARD ENGINES,,
"7.4GSIXNCB, 7.4GSIXNCM",500107GT,,,,VOLVO-PENTA,INBOARD ENGINES,,
"7.4L, GL, GI",500534,,,EXHAUST BELLOW/SOFFIETTO SCARICO,VOLVO-PENTA,INBOARD ENGINES,,
"8,1L, GI, GXI, OSI",500534,,,EXHAUST BELLOW/SOFFIETTO SCARICO,VOLVO-PENTA,INBOARD ENGINES,,
8.1GI-A/B/BF/C/CF/D/DF/E/EF/F/FF,500107GT,,,,VOLVO-PENTA,INBOARD ENGINES,,
"8.1GI-G, 8.1GI-GF",500178G,,,,VOLVO-PENTA,INBOARD ENGINES,,
"8.1GI-H, 8.1GI-HF",500178G,,,,VOLVO-PENTA,INBOARD ENGINES,,
"8.1GI-J, 8.1GI-JF",500178G,,,,VOLVO-PENTA,INBOARD ENGINES,,
"8.1GIC-400-J, 8.1GIC-400JF, 8.1GIC-400-Q",500178G,,,,VOLVO-PENTA,INBOARD ENGINES,,
"8.1GICE-400-J, 8.1GICE-400JF",500178G,,,,VOLVO-PENTA,INBOARD ENGINES,,
"8.1GICE-400-M, 8.1GICE-400MF",500178G,,,,VOLVO-PENTA,INBOARD ENGINES,,
8.1GII-A/B/C/E/F,500107GT,,,,VOLVO-PENTA,INBOARD ENGINES,,
8.1GII-G,500178G,,,,VOLVO-PENTA,INBOARD ENGINES,,
8.1GII-H,500178G,,,,VOLVO-PENTA,INBOARD ENGINES,,
"8.1GIE-J, 8.1GIE-JF",500178G,,,,VOLVO-PENTA,INBOARD ENGINES,,
"8.1GIE-K, 8.1GIE-KF",500178G,,,,VOLVO-PENTA,INBOARD ENGINES,,
"8.1GIE-M, 8.1GIE-MF",500178G,,,,VOLVO-PENTA,INBOARD ENGINES,,
"8.1GSI-A, 8.1GSII-A",500107GT,,,,VOLVO-PENTA,INBOARD ENGINES,,
8.1GXI-A/AF/B/BF/C/CF/D/DF/E/EF,500107GT,,,,VOLVO-PENTA,INBOARD ENGINES,,
"8.1GXI-F, 8.1GXI-FF",500178G,,,,VOLVO-PENTA,INBOARD ENGINES,,
"8.1GXI-G, 8.1GXI-GF",500178G,,,,VOLVO-PENTA,INBOARD ENGINES,,
"8.1GXI-J, 8.1GXI-JF",500178G,,,,VOLVO-PENTA,INBOARD ENGINES,,
8.1GXII-F,500178G,,,,VOLVO-PENTA,INBOARD ENGINES,,
8.1GXII-G,500178G,,,,VOLVO-PENTA,INBOARD ENGINES,,
"8.1GXIE-J, 8.1GXIE-JF",500178G,,,,VOLVO-PENTA,INBOARD ENGINES,,
"8.1GXIE-K, 8.1GXIE-KF",500178G,,,,VOLVO-PENTA,INBOARD ENGINES,,
"8.1GXIE-M, 8.1GXIE-MF",500178G,,,,VOLVO-PENTA,INBOARD ENGINES,,
8.1GXII-A/B/C/D/E,500107GT,,,,VOLVO-PENTA,INBOARD ENGINES,,
"8.1IPSCE-JF, 8.1IPSCE-MF",500178G,,,,VOLVO-PENTA,INBOARD ENGINES,,
8.1OSI-A/AF/B/BF,500107GT,,,,VOLVO-PENTA,INBOARD ENGINES,,
"8.1OSI-C, 8.1OSI-CF",500178G,,,,VOLVO-PENTA,INBOARD ENGINES,,
"8.1OSI-D, 8.1OSI-DF",500178G,,,,VOLVO-PENTA,INBOARD ENGINES,,
"8.1OSI-J, 8.10OSI-JF",500178G,,,,VOLVO-PENTA,INBOARD ENGINES,,
"8.1OSIE-J, 8.1OSIE-JF",500178G,,,,VOLVO-PENTA,INBOARD ENGINES,,
8.2 GL,500107GT,,,,VOLVO-PENTA,INBOARD ENGINES,,
"8.2GLIMDA, 8.2GLIMDM",500107GT,,,,VOLVO-PENTA,INBOARD ENGINES,,
"8.2GLPMDM, 8.2GLPMDM",500107GT,,,,VOLVO-PENTA,INBOARD ENGINES,,
8.2GSIPBYCCE,500107GT,,,,VOLVO-PENTA,INBOARD ENGINES,,
8.2GSIPEFS,500189GT,,,,VOLVO-PENTA,INBOARD ENGINES,,
8.2GSIPWTR,500189GT,,,,VOLVO-PENTA,INBOARD ENGINES,,
8.2GSIXNCB,500107GT,,,,VOLVO-PENTA,INBOARD ENGINES,,
"8.2L, GL",500534,,,EXHAUST BELLOW/SOFFIETTO SCARICO,VOLVO-PENTA,INBOARD ENGINES,,
110S,501001,,,COVER PLATE AGAINST HULL/PATELLA DI SIGILLATURA,VOLVO-PENTA,INBOARD ENGINES,,
"120S,120S-B,120S-C,120S-D,120S-E",501001,,,COVER PLATE AGAINST HULL/PATELLA DI SIGILLATURA,VOLVO-PENTA,INBOARD ENGINES,,
120S-E,500107GT,,,,VOLVO-PENTA,INBOARD ENGINES,,
"200,250,270,280DP,280PT",501011,,,COOLING HOSE/MANICOTTO ACQUA,VOLVO-PENTA,INBOARD ENGINES,,
2001/2002/2003,500121GX,,,,VOLVO-PENTA,INBOARD ENGINES,,
2001AG-2001B - 2001BG,500121GX,,,,VOLVO-PENTA,INBOARD ENGINES,,
2001B/2002B/2003B,500121GX,,,,VOLVO-PENTA,INBOARD ENGINES,,
2002 - 2002AG-2002B - 2002BG - 2002D,500121GX,,,,VOLVO-PENTA,INBOARD ENGINES,,
2003 -2003AG-2003B - 2003BG - 2003D,500121GX,,,,VOLVO-PENTA,INBOARD ENGINES,,
"200-290DPA,SP,DP-A TO DP-E AND DPX",500510K,,,STERN DRIVE/GRUPPO POPPIERO (U-JOINT/GIUNTO,VOLVO-PENTA,INBOARD ENGINES,,
"200-290DPA,SP,DP-A TO DP-E AND",500505,,,EXHAUST BELLOW/SOFFIETTO SCARICO,VOLVO-PENTA,INBOARD ENGINES,,
"2003T, 2003TB, AQD21A, AQD21B",500107GT,,,,VOLVO-PENTA,INBOARD ENGINES,,
230,501008K,,,RUBBER BUSHING TRASMISSION/ CUSCINETTO TRASMISSIONE,VOLVO-PENTA,INBOARD ENGINES,,
"230A,B",500170CG,,,,VOLVO-PENTA,INBOARD ENGINES,,
230B,501007,,,CLAMP RING FLYWHEEL HOUSING/ANELLO GOMMA SCATOLA VOLANO,VOLVO-PENTA,INBOARD ENGINES,,
230A/SP-A/MT,501006,,,CLAMP RING FLYWHEEL HOUSING/ANELLO GOMMA SCATOLA VOLANO,VOLVO-PENTA,INBOARD ENGINES,,
230A/SP-A/SP,501007,,,CLAMP RING FLYWHEEL HOUSING/ANELLO GOMMA SCATOLA VOLANO,VOLVO-PENTA,INBOARD ENGINES,,
250,501008K,,,RUBBER BUSHING TRASMISSION/ CUSCINETTO TRASMISSIONE,VOLVO-PENTA,INBOARD ENGINES,,
250A/SP-A/MT,501006,,,CLAMP RING FLYWHEEL HOUSING/ANELLO GOMMA SCATOLA VOLANO,VOLVO-PENTA,INBOARD ENGINES,,
"250A,B",500170CG,,,,VOLVO-PENTA,INBOARD ENGINES,,
250A/B,501007,,,CLAMP RING FLYWHEEL HOUSING/ANELLO GOMMA SCATOLA VOLANO,VOLVO-PENTA,INBOARD ENGINES,,
251A,500170CG,,,,VOLVO-PENTA,INBOARD ENGINES,,
251A,501007,,,CLAMP RING FLYWHEEL HOUSING/ANELLO GOMMA SCATOLA VOLANO,VOLVO-PENTA,INBOARD ENGINES,,
"280B, 290A, 290DP",500133G,,,,VOLVO-PENTA,INBOARD ENGINES,,
"290,290A,290DP,290DPA,DP-A,DP-A1,",501002K,,,COOLING HOSE/MANICOTTO ACQUA,VOLVO-PENTA,INBOARD ENGINES,,
"430A, 430B, 431A, 431B, 432A, 434A",500133G,,,,VOLVO-PENTA,INBOARD ENGINES,,
430A/B,501007,,,CLAMP RING FLYWHEEL HOUSING/ANELLO GOMMA SCATOLA VOLANO,VOLVO-PENTA,INBOARD ENGINES,,
431A/B,501007,,,CLAMP RING FLYWHEEL HOUSING/ANELLO GOMMA SCATOLA VOLANO,VOLVO-PENTA,INBOARD ENGINES,,
432A,501007,,,CLAMP RING FLYWHEEL HOUSING/ANELLO GOMMA SCATOLA VOLANO,VOLVO-PENTA,INBOARD ENGINES,,
434A,501007,,,CLAMP RING FLYWHEEL HOUSING/ANELLO GOMMA SCATOLA VOLANO,VOLVO-PENTA,INBOARD ENGINES,,
500A,501006,,,CLAMP RING FLYWHEEL HOUSING/ANELLO GOMMA SCATOLA VOLANO,VOLVO-PENTA,INBOARD ENGINES,,
500A,500107GT,,,,VOLVO-PENTA,INBOARD ENGINES,,
500B,501007,,,CLAMP RING FLYWHEEL HOUSING/ANELLO GOMMA SCATOLA VOLANO,VOLVO-PENTA,INBOARD ENGINES,,
500B,500133G,,,,VOLVO-PENTA,INBOARD ENGINES,,
501A,501006,,,CLAMP RING FLYWHEEL HOUSING/ANELLO GOMMA SCATOLA VOLANO,VOLVO-PENTA,INBOARD ENGINES,,
501A,500107GT,,,,VOLVO-PENTA,INBOARD ENGINES,,
501A/MS4,500107GT,,,,VOLVO-PENTA,INBOARD ENGINES,,
501B,501007,,,CLAMP RING FLYWHEEL HOUSING/ANELLO GOMMA SCATOLA VOLANO,VOLVO-PENTA,INBOARD ENGINES,,
501B,500133G,,,,VOLVO-PENTA,INBOARD ENGINES,,
"570A, 572A",501007,,,CLAMP RING FLYWHEEL HOUSING/ANELLO GOMMA SCATOLA VOLANO,VOLVO-PENTA,INBOARD ENGINES,,
"570A/MS4A, 571A, 572A, 7.4GL",500133G,,,,VOLVO-PENTA,INBOARD ENGINES,,
571A,501006,,,CLAMP RING FLYWHEEL HOUSING/ANELLO GOMMA SCATOLA VOLANO,VOLVO-PENTA,INBOARD ENGINES,,
571A,500133G,,,,VOLVO-PENTA,INBOARD ENGINES,,
740A,501006,,,CLAMP RING FLYWHEEL HOUSING/ANELLO GOMMA SCATOLA VOLANO,VOLVO-PENTA,INBOARD ENGINES,,
740B,501007,,,CLAMP RING FLYWHEEL HOUSING/ANELLO GOMMA SCATOLA VOLANO,VOLVO-PENTA,INBOARD ENGINES,,
"740A, 740B",500133G,,,,VOLVO-PENTA,INBOARD ENGINES,,
AD30/A,501008K,,,RUBBER BUSHING TRASMISSION/ CUSCINETTO TRASMISSIONE,VOLVO-PENTA,INBOARD ENGINES,,
AD30A,500106GT,,,,VOLVO-PENTA,INBOARD ENGINES,,
"AD31A, AD31B, AD31D, AD31L-A",500106GT,,,,VOLVO-PENTA,INBOARD ENGINES,,
AD31A/B/D/XD,501007,,,CLAMP RING FLYWHEEL HOUSING/ANELLO GOMMA SCATOLA VOLANO,VOLVO-PENTA,INBOARD ENGINES,,
"AD31P-A, AD31XD, AD41A, AD41B",500106GT,,,,VOLVO-PENTA,INBOARD ENGINES,,
AD40B,501007,,,CLAMP RING FLYWHEEL HOUSING/ANELLO GOMMA SCATOLA VOLANO,VOLVO-PENTA,INBOARD ENGINES,,
"AD41A, AD41B,",500106GT,,,,VOLVO-PENTA,INBOARD ENGINES,,
"AD41D, AD41L-A, AD41P-A",500106GT,,,,VOLVO-PENTA,INBOARD ENGINES,,
AD41A/B/D,501007,,,CLAMP RING FLYWHEEL HOUSING/ANELLO GOMMA SCATOLA VOLANO,VOLVO-PENTA,INBOARD ENGINES,,
"AQ31, AQ41 ALL MODELS/TUTTI MODELLI",500530,,,EXHAUST BELLOW/SOFFIETTO SCARICO,VOLVO-PENTA,INBOARD ENGINES,,
AQ60F,500116GX,,,,VOLVO-PENTA,INBOARD ENGINES,,
AQ60F,501006,,,CLAMP RING FLYWHEEL HOUSING/ANELLO GOMMA SCATOLA VOLANO,VOLVO-PENTA,INBOARD ENGINES,,
AQ60F,501007,,,CLAMP RING FLYWHEEL HOUSING/ANELLO GOMMA SCATOLA VOLANO,VOLVO-PENTA,INBOARD ENGINES,,
AQ70BL,500106GT,,,,VOLVO-PENTA,INBOARD ENGINES,,
AQ70CL,500106GT,,,,VOLVO-PENTA,INBOARD ENGINES,,
AQ80,501006,,,CLAMP RING FLYWHEEL HOUSING/ANELLO GOMMA SCATOLA VOLANO,VOLVO-PENTA,INBOARD ENGINES,,
"AQ80,S",500116GX,,,,VOLVO-PENTA,INBOARD ENGINES,,
AQ90,500116GX,,,,VOLVO-PENTA,INBOARD ENGINES,,
AQ90,501006,,,CLAMP RING FLYWHEEL HOUSING/ANELLO GOMMA SCATOLA VOLANO,VOLVO-PENTA,INBOARD ENGINES,,
AQ90,501007,,,CLAMP RING FLYWHEEL HOUSING/ANELLO GOMMA SCATOLA VOLANO,VOLVO-PENTA,INBOARD ENGINES,,
AQ95,501007,,,CLAMP RING FLYWHEEL HOUSING/ANELLO GOMMA SCATOLA VOLANO,VOLVO-PENTA,INBOARD ENGINES,,
"AQ95,A",500116GX,,,,VOLVO-PENTA,INBOARD ENGINES,,
AQ95A,501006,,,CLAMP RING FLYWHEEL HOUSING/ANELLO GOMMA SCATOLA VOLANO,VOLVO-PENTA,INBOARD ENGINES,,
AQ100,500116GX,,,,VOLVO-PENTA,INBOARD ENGINES,,
AQ100,501006,,,CLAMP RING FLYWHEEL HOUSING/ANELLO GOMMA SCATOLA VOLANO,VOLVO-PENTA,INBOARD ENGINES,,
AQ100,501007,,,CLAMP RING FLYWHEEL HOUSING/ANELLO GOMMA SCATOLA VOLANO,VOLVO-PENTA,INBOARD ENGINES,,
AQ105,501006,,,CLAMP RING FLYWHEEL HOUSING/ANELLO GOMMA SCATOLA VOLANO,VOLVO-PENTA,INBOARD ENGINES,,
AQ105,501007,,,CLAMP RING FLYWHEEL HOUSING/ANELLO GOMMA SCATOLA VOLANO,VOLVO-PENTA,INBOARD ENGINES,,
"AQ105,A",500116GX,,,,VOLVO-PENTA,INBOARD ENGINES,,
AQ110,500116GX,,,,VOLVO-PENTA,INBOARD ENGINES,,
AQ110,501007,,,CLAMP RING FLYWHEEL HOUSING/ANELLO GOMMA SCATOLA VOLANO,VOLVO-PENTA,INBOARD ENGINES,,
"AQ110,B",501006,,,CLAMP RING FLYWHEEL HOUSING/ANELLO GOMMA SCATOLA VOLANO,VOLVO-PENTA,INBOARD ENGINES,,
AQ115,501008K,,,RUBBER BUSHING TRASMISSION/ CUSCINETTO TRASMISSIONE,VOLVO-PENTA,INBOARD ENGINES,,
"AQ115A,B",500116GX,,,,VOLVO-PENTA,INBOARD ENGINES,,
"AQ115A,B",501007,,,CLAMP RING FLYWHEEL HOUSING/ANELLO GOMMA SCATOLA VOLANO,VOLVO-PENTA,INBOARD ENGINES,,
AQ115A,501006,,,CLAMP RING FLYWHEEL HOUSING/ANELLO GOMMA SCATOLA VOLANO,VOLVO-PENTA,INBOARD ENGINES,,
AQ120,500116GX,,,,VOLVO-PENTA,INBOARD ENGINES,,
AQ120B,501008K,,,RUBBER BUSHING TRASMISSION/ CUSCINETTO TRASMISSIONE,VOLVO-PENTA,INBOARD ENGINES,,
AQ120A/B,501006,,,CLAMP RING FLYWHEEL HOUSING/ANELLO GOMMA SCATOLA VOLANO,VOLVO-PENTA,INBOARD ENGINES,,
AQ120B,500170CG,,,,VOLVO-PENTA,INBOARD ENGINES,,
AQ125A,501008,,,RUBBER BUSHING TRASMISSION/ CUSCINETTO TRASMISSIONE,VOLVO-PENTA,INBOARD ENGINES,,
"AQ125A,B",500170CG,,,,VOLVO-PENTA,INBOARD ENGINES,,
"AQ125A,B",501006,,,CLAMP RING FLYWHEEL HOUSING/ANELLO GOMMA SCATOLA VOLANO,VOLVO-PENTA,INBOARD ENGINES,,
AQ125B,501008K,,,RUBBER BUSHING TRASMISSION/ CUSCINETTO TRASMISSIONE,VOLVO-PENTA,INBOARD ENGINES,,
AQ130,501008K,,,RUBBER BUSHING TRASMISSION/ CUSCINETTO TRASMISSIONE,VOLVO-PENTA,INBOARD ENGINES,,
"AQ130A,B",501006,,,CLAMP RING FLYWHEEL HOUSING/ANELLO GOMMA SCATOLA VOLANO,VOLVO-PENTA,INBOARD ENGINES,,
"AQ130A,B",501007,,,CLAMP RING FLYWHEEL HOUSING/ANELLO GOMMA SCATOLA VOLANO,VOLVO-PENTA,INBOARD ENGINES,,
"AQ130A,B,C,D",500116GX,,,,VOLVO-PENTA,INBOARD ENGINES,,
"AQ131A,B,C,D",500170CG,,,,VOLVO-PENTA,INBOARD ENGINES,,
"AQ131A,B,C,D",501008K,,,RUBBER BUSHING TRASMISSION/ CUSCINETTO TRASMISSIONE,VOLVO-PENTA,INBOARD ENGINES,,
"AQ131B,C",501007,,,CLAMP RING FLYWHEEL HOUSING/ANELLO GOMMA SCATOLA VOLANO,VOLVO-PENTA,INBOARD ENGINES,,
"AQ131A,D",501006,,,CLAMP RING FLYWHEEL HOUSING/ANELLO GOMMA SCATOLA VOLANO,VOLVO-PENTA,INBOARD ENGINES,,
AQ140A,500170CG,,,,VOLVO-PENTA,INBOARD ENGINES,,
AQ140A,501007,,,CLAMP RING FLYWHEEL HOUSING/ANELLO GOMMA SCATOLA VOLANO,VOLVO-PENTA,INBOARD ENGINES,,
AQ140A,501008K,,,RUBBER BUSHING TRASMISSION/ CUSCINETTO TRASMISSIONE,VOLVO-PENTA,INBOARD ENGINES,,
AQ145A,501008K,,,RUBBER BUSHING TRASMISSION/ CUSCINETTO TRASMISSIONE,VOLVO-PENTA,INBOARD ENGINES,,
"AQ145A,B",500170CG,,,,VOLVO-PENTA,INBOARD ENGINES,,
"AQ145A,B",501007,,,CLAMP RING FLYWHEEL HOUSING/ANELLO GOMMA SCATOLA VOLANO,VOLVO-PENTA,INBOARD ENGINES,,
"AQ150A,B",500120GT,,,,VOLVO-PENTA,INBOARD ENGINES,,
"AQ151A,B,C",500170CG,,,,VOLVO-PENTA,INBOARD ENGINES,,
"AQ151A,B,C",501007,,,CLAMP RING FLYWHEEL HOUSING/ANELLO GOMMA SCATOLA VOLANO,VOLVO-PENTA,INBOARD ENGINES,,
AQ165,501008K,,,RUBBER BUSHING TRASMISSION/ CUSCINETTO TRASMISSIONE,VOLVO-PENTA,INBOARD ENGINES,,
AQ165A,500170CG,,,,VOLVO-PENTA,INBOARD ENGINES,,
AQ170,501008K,,,RUBBER BUSHING TRASMISSION/ CUSCINETTO TRASMISSIONE,VOLVO-PENTA,INBOARD ENGINES,,
"AQ170,A,B,C",500170CG,,,,VOLVO-PENTA,INBOARD ENGINES,,
"AQ171A,C",500170CG,,,,VOLVO-PENTA,INBOARD ENGINES,,
"AQ171A,C",501007,,,CLAMP RING FLYWHEEL HOUSING/ANELLO GOMMA SCATOLA VOLANO,VOLVO-PENTA,INBOARD ENGINES,,
AQ175A,501006,,,CLAMP RING FLYWHEEL HOUSING/ANELLO GOMMA SCATOLA VOLANO,VOLVO-PENTA,INBOARD ENGINES,,
AQ175A,501008K,,,RUBBER BUSHING TRASMISSION/ CUSCINETTO TRASMISSIONE,VOLVO-PENTA,INBOARD ENGINES,,
AQ175A,500107GT,,,,VOLVO-PENTA,INBOARD ENGINES,,
"AQ175,280, T, PT - AQD40 - AQD40, V8",500505FL,,,EXHAUST BELLOW/SOFFIETTO SCARICO,VOLVO-PENTA,INBOARD ENGINES,,
"AQ190,A",500120GT,,,,VOLVO-PENTA,INBOARD ENGINES,,
AQ190A,501006,,,CLAMP RING FLYWHEEL HOUSING/ANELLO GOMMA SCATOLA VOLANO,VOLVO-PENTA,INBOARD ENGINES,,
AQ190A,501008K,,,RUBBER BUSHING TRASMISSION/ CUSCINETTO TRASMISSIONE,VOLVO-PENTA,INBOARD ENGINES,,
AQ200A,500103GT,,,,VOLVO-PENTA,INBOARD ENGINES,,
AQ200A/C/D/F,501006,,,CLAMP RING FLYWHEEL HOUSING/ANELLO GOMMA SCATOLA VOLANO,VOLVO-PENTA,INBOARD ENGINES,,
AQ200-AQ250-AQ270-AQ275,500510K,,,STERN DRIVE/GRUPPO POPPIERO (U-JOINT/GIUNTO,VOLVO-PENTA,INBOARD ENGINES,,
AQ200B,501008K,,,RUBBER BUSHING TRASMISSION/ CUSCINETTO TRASMISSIONE,VOLVO-PENTA,INBOARD ENGINES,,
AQ200C,501008K,,,RUBBER BUSHING TRASMISSION/ CUSCINETTO TRASMISSIONE,VOLVO-PENTA,INBOARD ENGINES,,
AQ200B/C,500103GT,,,,VOLVO-PENTA,INBOARD ENGINES,,
"AQ200D, AQ200F",501008K,,,RUBBER BUSHING TRASMISSION/ CUSCINETTO TRASMISSIONE,VOLVO-PENTA,INBOARD ENGINES,,
"AQ200D, AQ200F",500107GT,,,,VOLVO-PENTA,INBOARD ENGINES,,
AQ205A,501007,,,CLAMP RING FLYWHEEL HOUSING/ANELLO GOMMA SCATOLA VOLANO,VOLVO-PENTA,INBOARD ENGINES,,
AQ205A,500107GT,,,,VOLVO-PENTA,INBOARD ENGINES,,
AQ210A,501006,,,CLAMP RING FLYWHEEL HOUSING/ANELLO GOMMA SCATOLA VOLANO,VOLVO-PENTA,INBOARD ENGINES,,
AQ211A,500107GT,,,,VOLVO-PENTA,INBOARD ENGINES,,
AQ211A,501006,,,CLAMP RING FLYWHEEL HOUSING/ANELLO GOMMA SCATOLA VOLANO,VOLVO-PENTA,INBOARD ENGINES,,
AQ225B,501008K,,,RUBBER BUSHING TRASMISSION/ CUSCINETTO TRASMISSIONE,VOLVO-PENTA,INBOARD ENGINES,,
"AQ225,A/B/C/D/E/F",501006,,,CLAMP RING FLYWHEEL HOUSING/ANELLO GOMMA SCATOLA VOLANO,VOLVO-PENTA,INBOARD ENGINES,,
"AQ225,B/C",500103GT,,,,VOLVO-PENTA,INBOARD ENGINES,,
AQ225C-AQ225D-AQ225E-AQ225F,501008K,,,RUBBER BUSHING TRASMISSION/ CUSCINETTO TRASMISSIONE,VOLVO-PENTA,INBOARD ENGINES,,
"AQ225D, AQ225E",500107GT,,,,VOLVO-PENTA,INBOARD ENGINES,,
"AQ230A,B",500170CG,,,,VOLVO-PENTA,INBOARD ENGINES,,
"AQ231A,B",501006,,,CLAMP RING FLYWHEEL HOUSING/ANELLO GOMMA SCATOLA VOLANO,VOLVO-PENTA,INBOARD ENGINES,,
"AQ231A,B",501008K,,,RUBBER BUSHING TRASMISSION/ CUSCINETTO TRASMISSIONE,VOLVO-PENTA,INBOARD ENGINES,,
"AQ231B, AQ255B, AQ260A, AQ271A",500107GT,,,,VOLVO-PENTA,INBOARD ENGINES,,
"AQ240,A",500120GT,,,,VOLVO-PENTA,INBOARD ENGINES,,
AQ240A,501006,,,CLAMP RING FLYWHEEL HOUSING/ANELLO GOMMA SCATOLA VOLANO,VOLVO-PENTA,INBOARD ENGINES,,
AQ240A,501008K,,,RUBBER BUSHING TRASMISSION/ CUSCINETTO TRASMISSIONE,VOLVO-PENTA,INBOARD ENGINES,,
"AQ250A,B",500170CG,,,,VOLVO-PENTA,INBOARD ENGINES,,
AQ251A,500170CG,,,,VOLVO-PENTA,INBOARD ENGINES,,
AQ225A,501008K,,,RUBBER BUSHING TRASMISSION/ CUSCINETTO TRASMISSIONE,VOLVO-PENTA,INBOARD ENGINES,,
AQ255A/B,501006,,,CLAMP RING FLYWHEEL HOUSING/ANELLO GOMMA SCATOLA VOLANO,VOLVO-PENTA,INBOARD ENGINES,,
AQ255B,501008K,,,RUBBER BUSHING TRASMISSION/ CUSCINETTO TRASMISSIONE,VOLVO-PENTA,INBOARD ENGINES,,
AQ255A/B,500107GT,,,,VOLVO-PENTA,INBOARD ENGINES,,
AQ260A/B,501006,,,CLAMP RING FLYWHEEL HOUSING/ANELLO GOMMA SCATOLA VOLANO,VOLVO-PENTA,INBOARD ENGINES,,
AQ260A/B,501008K,,,RUBBER BUSHING TRASMISSION/ CUSCINETTO TRASMISSIONE,VOLVO-PENTA,INBOARD ENGINES,,
AQ260A/B,500133G,,,,VOLVO-PENTA,INBOARD ENGINES,,
AQ271A/B/C/D,501006,,,CLAMP RING FLYWHEEL HOUSING/ANELLO GOMMA SCATOLA VOLANO,VOLVO-PENTA,INBOARD ENGINES,,
AQ271A/B/C/D,501008K,,,RUBBER BUSHING TRASMISSION/ CUSCINETTO TRASMISSIONE,VOLVO-PENTA,INBOARD ENGINES,,
"AQ271A, AQ271B, AQ271C, AQ271D",500133G,,,,VOLVO-PENTA,INBOARD ENGINES,,
AQ280A,501006,,,CLAMP RING FLYWHEEL HOUSING/ANELLO GOMMA SCATOLA VOLANO,VOLVO-PENTA,INBOARD ENGINES,,
AQ280A/B/C/D,501008K,,,RUBBER BUSHING TRASMISSION/ CUSCINETTO TRASMISSIONE,VOLVO-PENTA,INBOARD ENGINES,,
"AQ290A, BB225A",500107GT,,,,VOLVO-PENTA,INBOARD ENGINES,,
AQ290A,500133G,,,,VOLVO-PENTA,INBOARD ENGINES,,
AQ290A,501006,,,CLAMP RING FLYWHEEL HOUSING/ANELLO GOMMA SCATOLA VOLANO,VOLVO-PENTA,INBOARD ENGINES,,
AQ290A,501008K,,,RUBBER BUSHING TRASMISSION/ CUSCINETTO TRASMISSIONE,VOLVO-PENTA,INBOARD ENGINES,,
AQ311A/B,500133G,,,,VOLVO-PENTA,INBOARD ENGINES,,
AQ311A/B,501006,,,CLAMP RING FLYWHEEL HOUSING/ANELLO GOMMA SCATOLA VOLANO,VOLVO-PENTA,INBOARD ENGINES,,
AQAD30/A,501008K,,,RUBBER BUSHING TRASMISSION/ CUSCINETTO TRASMISSIONE,VOLVO-PENTA,INBOARD ENGINES,,
"AQAD30A, AQAD31A, AQAD40A,B",501007,,,CLAMP RING FLYWHEEL HOUSING/ANELLO GOMMA SCATOLA VOLANO,VOLVO-PENTA,INBOARD ENGINES,,
"AQAD30A, AQAD31A, AQA41A",500106GT,,,,VOLVO-PENTA,INBOARD ENGINES,,
AQAD40,501008K,,,RUBBER BUSHING TRASMISSION/ CUSCINETTO TRASMISSIONE,VOLVO-PENTA,INBOARD ENGINES,,
"AQAD40A, AQAD40B, TAMD40A",500105GT,,,,VOLVO-PENTA,INBOARD ENGINES,,
AQAD41A,501007,,,CLAMP RING FLYWHEEL HOUSING/ANELLO GOMMA SCATOLA VOLANO,VOLVO-PENTA,INBOARD ENGINES,,
AQAD41A,500106GT,,,,VOLVO-PENTA,INBOARD ENGINES,,
AQD2B,500121GX,,,,VOLVO-PENTA,INBOARD ENGINES,,
AQD19,501006,,,CLAMP RING FLYWHEEL HOUSING/ANELLO GOMMA SCATOLA VOLANO,VOLVO-PENTA,INBOARD ENGINES,,
AQD19,501007,,,CLAMP RING FLYWHEEL HOUSING/ANELLO GOMMA SCATOLA VOLANO,VOLVO-PENTA,INBOARD ENGINES,,
AQD19,500106GT,,,,VOLVO-PENTA,INBOARD ENGINES,,
AQD21A,500170CG,,,,VOLVO-PENTA,INBOARD ENGINES,SN 103387-,
AQD21A,501008K,,,RUBBER BUSHING TRASMISSION/ CUSCINETTO TRASMISSIONE,VOLVO-PENTA,INBOARD ENGINES,,
"AQD21A,B",501007,,,CLAMP RING FLYWHEEL HOUSING/ANELLO GOMMA SCATOLA VOLANO,VOLVO-PENTA,INBOARD ENGINES,,
AQD21B,500107GT,,,,VOLVO-PENTA,INBOARD ENGINES,,
AQD21B,501008K,,,RUBBER BUSHING TRASMISSION/ CUSCINETTO TRASMISSIONE,VOLVO-PENTA,INBOARD ENGINES,,
AQD21B,500170CG,,,,VOLVO-PENTA,INBOARD ENGINES,SN 103387-,
AQD27,500106GT,,,,VOLVO-PENTA,INBOARD ENGINES,,
AQD29/A,501006,,,CLAMP RING FLYWHEEL HOUSING/ANELLO GOMMA SCATOLA VOLANO,VOLVO-PENTA,INBOARD ENGINES,,
AQD29/A,500106GT,,,,VOLVO-PENTA,INBOARD ENGINES,,
AQD30,500106GT,,,,VOLVO-PENTA,INBOARD ENGINES,,
AQD32A,501006,,,CLAMP RING FLYWHEEL HOUSING/ANELLO GOMMA SCATOLA VOLANO,VOLVO-PENTA,INBOARD ENGINES,,
"AQD32A,AQD40A, AQD41A",500106GT,,,,VOLVO-PENTA,INBOARD ENGINES,,
AQD40,501008K,,,RUBBER BUSHING TRASMISSION/ CUSCINETTO TRASMISSIONE,VOLVO-PENTA,INBOARD ENGINES,,
AQD40A,501007,,,CLAMP RING FLYWHEEL HOUSING/ANELLO GOMMA SCATOLA VOLANO,VOLVO-PENTA,INBOARD ENGINES,,
"AQD70B,AQD70C, AQD70D, D41A",500106GT,,,,VOLVO-PENTA,INBOARD ENGINES,,
AQD70CL,500106GT,,,,VOLVO-PENTA,INBOARD ENGINES,,
AQD140A/B,500106GT,,,,VOLVO-PENTA,INBOARD ENGINES,,
BB25,500116GX,,,,VOLVO-PENTA,INBOARD ENGINES,,
"BB30,B,F",500116GX,,,,VOLVO-PENTA,INBOARD ENGINES,,
BB70,500116GX,,,,VOLVO-PENTA,INBOARD ENGINES,,
"BB100,A",500116GX,,,,VOLVO-PENTA,INBOARD ENGINES,,
BB115,501008K,,,RUBBER BUSHING TRASMISSION/ CUSCINETTO TRASMISSIONE,VOLVO-PENTA,INBOARD ENGINES,,
"BB115,A,B,C",500116GX,,,,VOLVO-PENTA,INBOARD ENGINES,,
BB120,500116GX,,,,VOLVO-PENTA,INBOARD ENGINES,,
BB140A,500170CG,,,,VOLVO-PENTA,INBOARD ENGINES,,
BB140A,501008K,,,RUBBER BUSHING TRASMISSION/ CUSCINETTO TRASMISSIONE,VOLVO-PENTA,INBOARD ENGINES,,
BB145A,500170CG,,,,VOLVO-PENTA,INBOARD ENGINES,,
BB145A,501008K,,,RUBBER BUSHING TRASMISSION/ CUSCINETTO TRASMISSIONE,VOLVO-PENTA,INBOARD ENGINES,,
BB165,501008K,,,RUBBER BUSHING TRASMISSION/ CUSCINETTO TRASMISSIONE,VOLVO-PENTA,INBOARD ENGINES,,
BB165A,500170CG,,,,VOLVO-PENTA,INBOARD ENGINES,,
BB170,501008K,,,RUBBER BUSHING TRASMISSION/ CUSCINETTO TRASMISSIONE,VOLVO-PENTA,INBOARD ENGINES,,
BB170A/B/C,500170CG,,,,VOLVO-PENTA,INBOARD ENGINES,,
"BB225A, BB225B, BB225AV",500133G,,,,VOLVO-PENTA,INBOARD ENGINES,,
BB225A-BB225B-BB225C,501008K,,,RUBBER BUSHING TRASMISSION/ CUSCINETTO TRASMISSIONE,VOLVO-PENTA,INBOARD ENGINES,,
"BB225C, 275, 280B, 290A, 290DP",500133G,,,,VOLVO-PENTA,INBOARD ENGINES,,
"BB231A, BB261A",500133G,,,,VOLVO-PENTA,INBOARD ENGINES,,
"BB260A, BB260B, BB260C, BB260AV",500133G,,,,VOLVO-PENTA,INBOARD ENGINES,,
"BB260A, BB260B, BB260C, BB260AV",501008K,,,RUBBER BUSHING TRASMISSION/ CUSCINETTO TRASMISSIONE,VOLVO-PENTA,INBOARD ENGINES,,
BB261A,500107GT,,,,VOLVO-PENTA,INBOARD ENGINES,,
"D1-13A,B,F",500116GX,,,,VOLVO-PENTA,INBOARD ENGINES,,
"D1-20A,B,F",500116GX,,,,VOLVO-PENTA,INBOARD ENGINES,,
"D1-30A,B,F",500116GX,,,,VOLVO-PENTA,INBOARD ENGINES,,
"D2-55A, D2-55B. D2-55C, D2-55D, D2-55E, D2-55F",500107GT,,,,VOLVO-PENTA,INBOARD ENGINES,,
"D2-75A, D2-75B, D2-75C, D2-75F",500107GT,,,,VOLVO-PENTA,INBOARD ENGINES,,
D3,500178G,,,,VOLVO-PENTA,INBOARD ENGINES,,
"D3-110I-A, D3-110I-B, D3-110I-C",500178G,,,,VOLVO-PENTA,INBOARD ENGINES,,
"D3-130A-A, D3-130A-B, D3-130A-C",500178G,,,,VOLVO-PENTA,INBOARD ENGINES,,
"D3-130I-A, D3-130I-B, D3-130I-C",500178G,,,,VOLVO-PENTA,INBOARD ENGINES,,
"D3-160A-A, D3-160A-B, D3-160A-C",500178G,,,,VOLVO-PENTA,INBOARD ENGINES,,
"D3-160I-A, D3-160I-B, D3-160I-C",500178G,,,,VOLVO-PENTA,INBOARD ENGINES,,
"D3-190A-B, D3-190A-C",500178G,,,,VOLVO-PENTA,INBOARD ENGINES,,
"D3-190I-B, D3-190I-C",500178G,,,,VOLVO-PENTA,INBOARD ENGINES,,
D4,500114T,,,,VOLVO-PENTA,INBOARD ENGINES,,
"D4-180I-B, D4-180I-C, D4-180I-D",500114T,,,,VOLVO-PENTA,INBOARD ENGINES,,
"D4-210A-A, D4-210A-B",500114T,,,,VOLVO-PENTA,INBOARD ENGINES,,
"D4-210I-A, D4-210I-B",500114T,,,,VOLVO-PENTA,INBOARD ENGINES,,
"D4-225A-B, D4-225A-C, D4-225A-D",500114T,,,,VOLVO-PENTA,INBOARD ENGINES,,
"D4-225I-B, D4-225I-C, D4-225I-D",500114T,,,,VOLVO-PENTA,INBOARD ENGINES,,
"D4-260A-A, D4-260A-B, D4-260A-C, D4-260A-D",500114T,,,,VOLVO-PENTA,INBOARD ENGINES,,
"D4-260D-B, D4-260D-C, D4-260D-D",500114T,,,,VOLVO-PENTA,INBOARD ENGINES,,
"D4-260I-A, D4-260I-B, D4-260I-C, D4-260I-D",500114T,,,,VOLVO-PENTA,INBOARD ENGINES,,
"D4-300A-A, D4-300A-C, D4-300A-D",500114T,,,,VOLVO-PENTA,INBOARD ENGINES,,
"D4-300D-A, D4-300D-C, D4-300D-D",500114T,,,,VOLVO-PENTA,INBOARD ENGINES,,
"D4-300I-A, D4-300I-C, D4-300I-D",500114T,,,,VOLVO-PENTA,INBOARD ENGINES,,
"D41A,B,D",501007,,,CLAMP RING FLYWHEEL HOUSING/ANELLO GOMMA SCATOLA VOLANO,VOLVO-PENTA,INBOARD ENGINES,,
"D41B, D41D, KAD300, KAD32P-A",500106GT,,,,VOLVO-PENTA,INBOARD ENGINES,,
"D6-280A, D6-280A-B, D6-280A-C, D6-280A-D",500177GT,,,,VOLVO-PENTA,INBOARD ENGINES,,
"D6-2801-A, D6-2801-B, D6-2801-C, D6-2801-D-D6-2801-E",500177GT,,,,VOLVO-PENTA,INBOARD ENGINES,,
D6-3101-A,500177GT,,,,VOLVO-PENTA,INBOARD ENGINES,,
"D6-310A-A, D6-310A-B, D6-310A-C, D6-310A-D-D6-310D-B",500177GT,,,,VOLVO-PENTA,INBOARD ENGINES,,
"D6-310D-C, D6-310D-D",500177GT,,,,VOLVO-PENTA,INBOARD ENGINES,,
"D6-3101-B, D6-3101-C, D6-3101-D",500177GT,,,,VOLVO-PENTA,INBOARD ENGINES,,
"D6-330A-B, D6-330A-C, D6-330A-D, D6-330D-B,",500177GT,,,,VOLVO-PENTA,INBOARD ENGINES,,
"D6-330D-C, D6-330D-D",500177GT,,,,VOLVO-PENTA,INBOARD ENGINES,,
"D6-3301-B, D6-3301-C, D6-3301-D",500177GT,,,,VOLVO-PENTA,INBOARD ENGINES,,
"D6-350A-A, D6-350A-B",500177GT,,,,VOLVO-PENTA,INBOARD ENGINES,,
"D6-370A-B, D6-370A-C, D6-370A-D, D6-370D-B",500177GT,,,,VOLVO-PENTA,INBOARD ENGINES,,
"D6-370D-C, D6-370D-D",500177GT,,,,VOLVO-PENTA,INBOARD ENGINES,,
"D6-3701-A, D6-3701-B, D6-3701-C, D6-3701-D",500177GT,,,,VOLVO-PENTA,INBOARD ENGINES,,
D6-3101-E,500177GT,,,,VOLVO-PENTA,INBOARD ENGINES,,
D6-3301-E,500177GT,,,,VOLVO-PENTA,INBOARD ENGINES,,
D6-3701-E,500177GT,,,,VOLVO-PENTA,INBOARD ENGINES,,
D6-435D-A,500177GT,,,,VOLVO-PENTA,INBOARD ENGINES,,
D6-435D-D,500177GT,,,,VOLVO-PENTA,INBOARD ENGINES,,
D6-435D-C,500177GT,,,,VOLVO-PENTA,INBOARD ENGINES,,
"D6-4351-A, D6-4351-C, D6-4351-D, D6-4351-E",500177GT,,,,VOLVO-PENTA,INBOARD ENGINES,,
D9A2A D9-425,500177GT,,,,VOLVO-PENTA,INBOARD ENGINES,,
"D9A2A D-500 (R4, D9A2A D9-575",500177GT,,,,VOLVO-PENTA,INBOARD ENGINES,,
"D9A2B D9-425, D9A2B D9-500",500177GT,,,,VOLVO-PENTA,INBOARD ENGINES,R5,
"D9A2A D9A-MH, D9A2B D9-575",500177GT,,,,VOLVO-PENTA,INBOARD ENGINES,,
"D9A2B MH, D9A2C, D9A2D, D9A2E, D9A2F, D9A2G, D9A2H",500177GT,,,,VOLVO-PENTA,INBOARD ENGINES,,
"D9A2J, D9A2K",500177GT,,,,VOLVO-PENTA,INBOARD ENGINES,,
"D12D-A MH, D12D-B MH, D12D-C MH, D12D-E MH, D12D-G MH",500163,,,,VOLVO-PENTA,INBOARD ENGINES,,
"D12DC-A MP, D12D-A MP, D12D-B MP, D12D-D MP, D12D-E MP",500163,,,,VOLVO-PENTA,INBOARD ENGINES,,
"D12D-F MP, D12D-G MP, D12D-H MP",500163,,,,VOLVO-PENTA,INBOARD ENGINES,,
"D12D-A MG, D12D-E MG",500163,,,,VOLVO-PENTA,INBOARD ENGINES,,
"D16C-A MH, D16C-B MH, D16C-C MH",500163,,,,VOLVO-PENTA,INBOARD ENGINES,,
D30-D31 SERIES,500106GT,,,,VOLVO-PENTA,INBOARD ENGINES,,
D32/ 42/ 43/ 44/ 300 SERIES,500106GT,,,,VOLVO-PENTA,INBOARD ENGINES,,
D41 SERIES,500106GT,,,,VOLVO-PENTA,INBOARD ENGINES,,
D70CHC,500106GT,,,,VOLVO-PENTA,INBOARD ENGINES,,
"DP-A, DP-A1, DP-A2",500133G,,,,VOLVO-PENTA,INBOARD ENGINES,,
"DP-C, DP-C1, DP-C1 1.95,DP-C1 2.30",500133G,,,,VOLVO-PENTA,INBOARD ENGINES,,
"DP-D, DP-D1, DP-D1 1.68, DP-D1 1,78, DP-D1 1.95,DP-D1 2.30",500133G,,,,VOLVO-PENTA,INBOARD ENGINES,,
DP-G,500533K,,,EXHAUST BELLOW/SOFFIETTO SCARICO,VOLVO-PENTA,INBOARD ENGINES,,
"DP-S,SX",500514K,,,STERN DRIVE/GRUPPO POPPIERO (U-JOINT/GIUNTO,VOLVO-PENTA,INBOARD ENGINES,,
"DP-S,SX",501010,,,COOLING HOSE/MANICOTTO ACQUA,VOLVO-PENTA,INBOARD ENGINES,,
"DP-S,SX",500528K,,,EXHAUST BELLOW/SOFFIETTO SCARICO,VOLVO-PENTA,INBOARD ENGINES,"IF MHP SHIELD, USE BELLOW 3857511",
"DPH-B, DPH-C, DPR-B, DPR-C",500538K,,,EXHAUST BELLOW/SOFFIETTO SCARICO,VOLVO-PENTA,INBOARD ENGINES,,
DPX-A,500533K,,,EXHAUST BELLOW/SOFFIETTO SCARICO,VOLVO-PENTA,INBOARD ENGINES,,
DPX375-A/B/BF/CF,500107GT,,,,VOLVO-PENTA,INBOARD ENGINES,,
DPX385XBYDCE,500107GT,,,,VOLVO-PENTA,INBOARD ENGINES,,
DPX385XEFS,500189GT,,,,VOLVO-PENTA,INBOARD ENGINES,,
DPX385XLKE,500107GT,,,,VOLVO-PENTA,INBOARD ENGINES,,
DPX385XWTR,500189GT,,,,VOLVO-PENTA,INBOARD ENGINES,,
DPX415XBYDCE,500107GT,,,,VOLVO-PENTA,INBOARD ENGINES,,
DPX415XEFS,500189GT,,,,VOLVO-PENTA,INBOARD ENGINES,,
DPX415XLKE,500107GT,,,,VOLVO-PENTA,INBOARD ENGINES,,
DPX415XWTR,500189GT,,,,VOLVO-PENTA,INBOARD ENGINES,,
DPX420-A/B/BF/CF,500107GT,,,,VOLVO-PENTA,INBOARD ENGINES,,
KAD42,501007,,,CLAMP RING FLYWHEEL HOUSING/ANELLO GOMMA SCATOLA VOLANO,VOLVO-PENTA,INBOARD ENGINES,,
KAD42  ALL MODELS/TUTTI MODELLI,500531,,,EXHAUST BELLOW/SOFFIETTO SCARICO,VOLVO-PENTA,INBOARD ENGINES,,
"KAD42A,B,P",501007,,,,VOLVO-PENTA,INBOARD ENGINES,,
"KAD42A, KAD42B,KAD42P-A",500106GT,,,,VOLVO-PENTA,INBOARD ENGINES,,
KAD43P,501007,,,CLAMP RING FLYWHEEL HOUSING/ANELLO GOMMA SCATOLA VOLANO,VOLVO-PENTA,INBOARD ENGINES,,
"KAD43P, KAD43P-A",500106GT,,,,VOLVO-PENTA,INBOARD ENGINES,,
KAD44P,501007,,,CLAMP RING FLYWHEEL HOUSING/ANELLO GOMMA SCATOLA VOLANO,VOLVO-PENTA,INBOARD ENGINES,,
"KAD44P-A, KAD44P-B",500106GT,,,,VOLVO-PENTA,INBOARD ENGINES,,
"KAD44P-C, KAMD300, KAMD42A",500106GT,,,,VOLVO-PENTA,INBOARD ENGINES,,
KAMD42A,501007,,,CLAMP RING FLYWHEEL HOUSING/ANELLO GOMMA SCATOLA VOLANO,VOLVO-PENTA,INBOARD ENGINES,,
"KAMD42B, KAMD42P-A, KAMD43P-A",500106GT,,,,VOLVO-PENTA,INBOARD ENGINES,,
"KAMD44P-A, KAMD44P-B, KAMD44P-C",500106GT,,,,VOLVO-PENTA,INBOARD ENGINES,,
MB2/50S,500380,,,,VOLVO-PENTA,INBOARD ENGINES,,
MB10,500100GX,,,,VOLVO-PENTA,INBOARD ENGINES,,
MB16A,500116GX,,,,VOLVO-PENTA,INBOARD ENGINES,,
"MB18,F",500116GX,,,,VOLVO-PENTA,INBOARD ENGINES,,
MB20,501008K,,,RUBBER BUSHING TRASMISSION/ CUSCINETTO TRASMISSIONE,VOLVO-PENTA,INBOARD ENGINES,,
"MB20A,B,C",500116GX,,,,VOLVO-PENTA,INBOARD ENGINES,,
MD1A - MD1B,500121GX,,,,VOLVO-PENTA,INBOARD ENGINES,,
MD1 (SN 14016-/1B,500100GX,,,,VOLVO-PENTA,INBOARD ENGINES,,
MD2 - MD2A,500121GX,,,,VOLVO-PENTA,INBOARD ENGINES,,
MD2B,500121GX,,,,VOLVO-PENTA,INBOARD ENGINES,,
MD3B,500116GX,,,,VOLVO-PENTA,INBOARD ENGINES,,
"MD5A,B,C",500121GX,,,,VOLVO-PENTA,INBOARD ENGINES,,
MD6A,500121GX,,,,VOLVO-PENTA,INBOARD ENGINES,,
"MD6B/7A,B/11C,D",500121GX,,,,VOLVO-PENTA,INBOARD ENGINES,,
"MD11C, MD11D",500121GX,,,,VOLVO-PENTA,INBOARD ENGINES,,
"MD17C,D",500116GX,,,,VOLVO-PENTA,INBOARD ENGINES,,
MD19,500107GT,,,,VOLVO-PENTA,INBOARD ENGINES,,
MD21A,501008K,,,RUBBER BUSHING TRASMISSION/ CUSCINETTO TRASMISSIONE,VOLVO-PENTA,INBOARD ENGINES,,
MD21A,500170CG,,,,VOLVO-PENTA,INBOARD ENGINES,SN 103387-,
"MD21A, MD21B, MD22A, MD22L-A",500107GT,,,,VOLVO-PENTA,INBOARD ENGINES,,
MD21B,500170CG,,,,VOLVO-PENTA,INBOARD ENGINES,SN 103387-,
MD21B,501008K,,,RUBBER BUSHING TRASMISSION/ CUSCINETTO TRASMISSIONE,VOLVO-PENTA,INBOARD ENGINES,,
"MD22L-B, MD22P-B, TAMD22P-B",500107GT,,,,VOLVO-PENTA,INBOARD ENGINES,,
MD27,500106GT,,,,VOLVO-PENTA,INBOARD ENGINES,,
MD29,500100GX,,,,VOLVO-PENTA,INBOARD ENGINES,,
MD29 - MD29A,500106GT,,,,VOLVO-PENTA,INBOARD ENGINES,,
MD30/A,501008K,,,RUBBER BUSHING TRASMISSION/ CUSCINETTO TRASMISSIONE,VOLVO-PENTA,INBOARD ENGINES,,
"MD30A, MD31A, MD32A",500106GT,,,,VOLVO-PENTA,INBOARD ENGINES,,
MD40,501008K,,,RUBBER BUSHING TRASMISSION/ CUSCINETTO TRASMISSIONE,VOLVO-PENTA,INBOARD ENGINES,,
"MD40A, MD40B",500106GT,,,,VOLVO-PENTA,INBOARD ENGINES,,
"MD42A, MD42AK",500106GT,,,,VOLVO-PENTA,INBOARD ENGINES,1970-1974,
"MD70B, MD70C, TAMD30A",500106GT,,,,VOLVO-PENTA,INBOARD ENGINES,,
"MD100A, MD100B, MD100BCC",500106GT,,,,VOLVO-PENTA,INBOARD ENGINES,,
MD100BK,500106GT,,,,VOLVO-PENTA,INBOARD ENGINES,,
"MD120A, MD120AK",500106GT,,,,VOLVO-PENTA,INBOARD ENGINES,,
"MD255,MD275",500107GT,,,,VOLVO-PENTA,INBOARD ENGINES,,
MD1105,500170CG,,,,VOLVO-PENTA,INBOARD ENGINES,,
MD2002,500121GX,,,,VOLVO-PENTA,INBOARD ENGINES,,
"MD2010A,B,C,D",500116GX,,,,VOLVO-PENTA,INBOARD ENGINES,,
MD2010B,500116GX,,,,VOLVO-PENTA,INBOARD ENGINES,SN 5101203008-,
"MD2010B,2020B",500100GX,,,,VOLVO-PENTA,INBOARD ENGINES,,
MD2020B,500116GX,,,,VOLVO-PENTA,INBOARD ENGINES,SN 5101203007-,
"MD2020C, MD2020D",500100GX,,,,VOLVO-PENTA,INBOARD ENGINES,,
MD2030A-B-C-D,500116GX,,,,VOLVO-PENTA,INBOARD ENGINES,,
MD2040A-B-C-D,500116GX,,,,VOLVO-PENTA,INBOARD ENGINES,,
MS2A-E,500107GT,,,,VOLVO-PENTA,INBOARD ENGINES,WATER PUMP 858150,
MS2B-A-L-R,500107GT,,,,VOLVO-PENTA,INBOARD ENGINES,WATER PUMP 858150,
MS2L-E,500107GT,,,,VOLVO-PENTA,INBOARD ENGINES,WATER PUMP 858150,
"MS3B, MS3C, MS4A",500133G,,,,VOLVO-PENTA,INBOARD ENGINES,,
MS5,500133G,,,,VOLVO-PENTA,INBOARD ENGINES,,
"SP-A, SP-A1, SP-A2, SP-C, SP-C1",500133G,,,,VOLVO-PENTA,INBOARD ENGINES,,
TAMD30/A,501008K,,,RUBBER BUSHING TRASMISSION/ CUSCINETTO TRASMISSIONE,VOLVO-PENTA,INBOARD ENGINES,,
TAMD30A,500106GT,,,,VOLVO-PENTA,INBOARD ENGINES,,
"TAMD31A, TAMD31B, TAMD31D",500106GT,,,,VOLVO-PENTA,INBOARD ENGINES,,
"TAMD31L-A, TAMD31M-A, TAMD31P-A",500106GT,,,,VOLVO-PENTA,INBOARD ENGINES,,
"TAMD31S-A, TAMD41A, TAMD41B",500106GT,,,,VOLVO-PENTA,INBOARD ENGINES,,
TMD30A,500106GT,,,,VOLVO-PENTA,INBOARD ENGINES,,
TAMD40,501008K,,,RUBBER BUSHING TRASMISSION/ CUSCINETTO TRASMISSIONE,VOLVO-PENTA,INBOARD ENGINES,,
"TAMD40B, TAMD61A,TAMD62A",500105GT,,,,VOLVO-PENTA,INBOARD ENGINES,,
TAMD41A,501007,,,CLAMP RING FLYWHEEL HOUSING/ANELLO GOMMA SCATOLA VOLANO,VOLVO-PENTA,INBOARD ENGINES,,
"TAMD41D, TAMD41H-A, TAMD41L-A",500106GT,,,,VOLVO-PENTA,INBOARD ENGINES,,
"TAMD41A, TAMD41B, TAMD41D, TAMD41H-A",500106GT,,,,VOLVO-PENTA,INBOARD ENGINES,,
"TAMD41M-A, TAMD41P-A",500106GT,,,,VOLVO-PENTA,INBOARD ENGINES,,
"TAMD41L-A, TAMD41M-A",500106GT,,,,VOLVO-PENTA,INBOARD ENGINES,,
"TAMD42B, TAMD42WJ-A",500106GT,,,,VOLVO-PENTA,INBOARD ENGINES,,
"TAMD42WJ-A, TAMD60A, TAMD60B",500106GT,,,,VOLVO-PENTA,INBOARD ENGINES,,
"TAMD60C, TAMD70B, TAMD70C",500106GT,,,,VOLVO-PENTA,INBOARD ENGINES,,
"TAMD61A, TAMD62A",500145GT,,,,VOLVO-PENTA,INBOARD ENGINES,,
"TAMD63L-A, TAMD63P-A",500162T,,,,VOLVO-PENTA,INBOARD ENGINES,,
"TAMD70D, TAMD70E, THAMD70B",500106GT,,,,VOLVO-PENTA,INBOARD ENGINES,,
"TAMD71A, TAMD71B, TAMD72A",500105GT,,,,VOLVO-PENTA,INBOARD ENGINES,,
TAMD72P-A,500105GT,,,,VOLVO-PENTA,INBOARD ENGINES,,
"TAMD73P-A, TAMD73WJ-A",500135T,,,,VOLVO-PENTA,INBOARD ENGINES,,
"TAMD74A-A, TAMD74A-B",500135T,,,,VOLVO-PENTA,INBOARD ENGINES,,
"TAMD74C-A, TAMD74L-A",500135T,,,,VOLVO-PENTA,INBOARD ENGINES,,
"TAMD74L-B, TAMD74P-A",500135T,,,,VOLVO-PENTA,INBOARD ENGINES,,
"TAMD74P-B, TAMD75P-A",500135T,,,,VOLVO-PENTA,INBOARD ENGINES,,
"TAMD102A, TAMD102D",500145GT,,,,VOLVO-PENTA,INBOARD ENGINES,,
"TAMD103A-A, TAMD103A-A AUX",500145GT,,,,VOLVO-PENTA,INBOARD ENGINES,,
"TAMD120A, TAMD120AK, TAMD120B, TAMD120B-CC",500145GT,,,,VOLVO-PENTA,INBOARD ENGINES,,
"TMD120A, TMD120AK,TMD120B",500145GT,,,,VOLVO-PENTA,INBOARD ENGINES,,
TAMD121D,500106GT,,,,VOLVO-PENTA,INBOARD ENGINES,,
"TAMD122A, TAMD122P-B, TAMD122P-C",500145GT,,,,VOLVO-PENTA,INBOARD ENGINES,,
"TAMD162A, TAMD162B, TAMD162C-TAMD162C-B",500145GT,,,,VOLVO-PENTA,INBOARD ENGINES,,
"TAMD163A-A,TAMD163P-A",500145GT,,,,VOLVO-PENTA,INBOARD ENGINES,,
"TAMD165A-A, TAMD165C-A, TAMD165P-A",500145GT,,,,VOLVO-PENTA,INBOARD ENGINES,,
TD70CHC,500106GT,,,,VOLVO-PENTA,INBOARD ENGINES,,
"THAMD70C, TMD30A, TMD31A",500106GT,,,,VOLVO-PENTA,INBOARD ENGINES,,
"TMD22A, TMB22B",500107GT,,,,VOLVO-PENTA,INBOARD ENGINES,,
TMD22P-C,500107GT,,,,VOLVO-PENTA,INBOARD ENGINES,,
TMD30/A,501008K,,,RUBBER BUSHING TRASMISSION/ CUSCINETTO TRASMISSIONE,VOLVO-PENTA,INBOARD ENGINES,,
"TMD31B, TMD31D, TMD31L-A",500106GT,,,,VOLVO-PENTA,INBOARD ENGINES,,
TMD40,501008K,,,RUBBER BUSHING TRASMISSION/ CUSCINETTO TRASMISSIONE,VOLVO-PENTA,INBOARD ENGINES,,
"TMD40A-TMD40B, TMD40C",500106GT,,,,VOLVO-PENTA,INBOARD ENGINES,,
"TMD41A, TMD41B, TMD41D",500106GT,,,,VOLVO-PENTA,INBOARD ENGINES,,
"TMD41L-A, TMD70B, TMD70C",500106GT,,,,VOLVO-PENTA,INBOARD ENGINES,,
"TMD70B, TMD70C",500106GT,,,,VOLVO-PENTA,INBOARD ENGINES,,
"TMD100A, TMD100AK, TMD100A-CC",500106GT,,,,VOLVO-PENTA,INBOARD ENGINES,,
"TMD100C, TMD102A",500145GT,,,,VOLVO-PENTA,INBOARD ENGINES,,
TMD120B,500106GT,,,,VOLVO-PENTA,INBOARD ENGINES,,
"TMD120A, TMD120ACC, TMD120AK",500106GT,,,,VOLVO-PENTA,INBOARD ENGINES,,
TMD121C,500106GT,,,,VOLVO-PENTA,INBOARD ENGINES,,
V6-200-A,500178G,,,,VOLVO-PENTA,INBOARD ENGINES,,
"V6-225-A, V6-225E-A",500178G,,,,VOLVO-PENTA,INBOARD ENGINES,,
"V8-225-C-A, V8-225-C-B,",500178G,,,,VOLVO-PENTA,INBOARD ENGINES,,
"V8-225-CE-A, V8-225-CE-B",500178G,,,,VOLVO-PENTA,INBOARD ENGINES,,
"V8-270-A, V8-270-B, V8-270-C-A, V8-270-C-B,",500178G,,,,VOLVO-PENTA,INBOARD ENGINES,,
"V8-270-CE-A, V8-270-CE-B, V8-270-E-A",500178G,,,,VOLVO-PENTA,INBOARD ENGINES,,
"V8-300-A, V8-300-B, V8-300-C-A, V8-300-C-B,",500178G,,,,VOLVO-PENTA,INBOARD ENGINES,,
"V8-300-CE-A, V8-300-CE-B,",500178G,,,,VOLVO-PENTA,INBOARD ENGINES,,
"V8-300-E-A, V8-300-E-B",500178G,,,,VOLVO-PENTA,INBOARD ENGINES,,
"V8-320-A, V8-320-A-A, V8-320-B,",500178G,,,,VOLVO-PENTA,INBOARD ENGINES,,
"V8-320-C-A, V8-320-C-B,",500178G,,,,VOLVO-PENTA,INBOARD ENGINES,,
"V8-320-CE-A, V8-320-CE-B,",500178G,,,,VOLVO-PENTA,INBOARD ENGINES,,
"V8-320-E-A, V8-320-E-B",500178G,,,,VOLVO-PENTA,INBOARD ENGINES,,
