Applications,Cef,NBR Version,Kit,Remarks,Company,Tipologia Applicazione,
3.0GL,500107GT,,,,VOLVO PENTA,Inboard_Engines,
3.0GS,500107GT,,,,VOLVO PENTA,Inboard_Engines,
3.0GLM-A,500107GT,,,,VOLVO PENTA,Inboard_Engines,
3.0GLM-B,500107GT,,,,VOLVO PENTA,Inboard_Engines,
3.0GLM-C,500107GT,,,,VOLVO PENTA,Inboard_Engines,
3.0GLM-A,500189GT,,,,VOLVO PENTA,Inboard_Engines,
3.0GLM-B,500189GT,,,,VOLVO PENTA,Inboard_Engines,
3.0GLM-C,500189GT,,,,VOLVO PENTA,Inboard_Engines,
3.0GLP-A,500189GT,,,,VOLVO PENTA,Inboard_Engines,
3.0GLP-B,500189GT,,,,VOLVO PENTA,Inboard_Engines,
3.0GLP-C,500189GT,,,,VOLVO PENTA,Inboard_Engines,
3.0GLP-D,500178G,,,,VOLVO PENTA,Inboard_Engines,
3.0GLP-E,500178G,,,,VOLVO PENTA,Inboard_Engines,
3.0GLP-J,500178G,,,,VOLVO PENTA,Inboard_Engines,
3.0GLP-N,500178G,,,,VOLVO PENTA,Inboard_Engines,
3.0GSM-A,500189GT,,,,VOLVO PENTA,Inboard_Engines,
3.0GSM-B,500189GT,,,,VOLVO PENTA,Inboard_Engines,
3.0GSM-C,500189GT,,,,VOLVO PENTA,Inboard_Engines,
3.0GSMBY,500107GT,,,,VOLVO PENTA,Inboard_Engines,
3.0GSMLKD,500107GT,,,,VOLVO PENTA,Inboard_Engines,
3.0GSPLKD,500107GT,,,,VOLVO PENTA,Inboard_Engines,
3.0GSMNCA,500107GT,,,,VOLVO PENTA,Inboard_Engines,
3.0GSMNCS,500107GT,,,,VOLVO PENTA,Inboard_Engines,
3.0GSMWTR,500107GT,,,,VOLVO PENTA,Inboard_Engines,
3.0GSMWTS,500107GT,,,,VOLVO PENTA,Inboard_Engines,
3.0GSP-A,500189GT,,,,VOLVO PENTA,Inboard_Engines,
3.0GSP-B,500189GT,,,,VOLVO PENTA,Inboard_Engines,
3.0GSP-C,500189GT,,,,VOLVO PENTA,Inboard_Engines,
3.0GSPBY,500107GT,,,,VOLVO PENTA,Inboard_Engines,
3.0GSPNCA,500107GT,,,,VOLVO PENTA,Inboard_Engines,
3.0GSPNCS,500107GT,,,,VOLVO PENTA,Inboard_Engines,
3.0GSPWTR,500107GT,,,,VOLVO PENTA,Inboard_Engines,
3.0GSPWTS,500107GT,,,,VOLVO PENTA,Inboard_Engines,
4.3L,500534,,,Exhaust bellow/Soffietto scarico,VOLVO PENTA,Inboard_Engines,
4.3GL,500534,,,Exhaust bellow/Soffietto scarico,VOLVO PENTA,Inboard_Engines,
4.3GS,500534,,,Exhaust bellow/Soffietto scarico,VOLVO PENTA,Inboard_Engines,
4.3GI,500534,,,Exhaust bellow/Soffietto scarico,VOLVO PENTA,Inboard_Engines,
4.3GXI,500534,,,Exhaust bellow/Soffietto scarico,VOLVO PENTA,Inboard_Engines,
4.3OSI,500534,,,Exhaust bellow/Soffietto scarico,VOLVO PENTA,Inboard_Engines,
4.3GIJBYA,500107GT,,,,VOLVO PENTA,Inboard_Engines,
4.3GIJWTR,500107GT,,,,VOLVO PENTA,Inboard_Engines,
4.3GIPBYCCE,500107GT,,,,VOLVO PENTA,Inboard_Engines,
4.3GiPEFS,500189GT,,,,VOLVO PENTA,Inboard_Engines,
4.3GIPEFS,500107GT,,,,VOLVO PENTA,Inboard_Engines,
4.3GIPHUSCE,500107GT,,,,VOLVO PENTA,Inboard_Engines,
4.3GIPLKDCE,500107GT,,,,VOLVO PENTA,Inboard_Engines,
4.3GIPLKECE,500107GT,,,,VOLVO PENTA,Inboard_Engines,
4.3GIPNCACE,500107GT,,,,VOLVO PENTA,Inboard_Engines,
4.3GIPNCBCE,500107GT,,,,VOLVO PENTA,Inboard_Engines,
4.3GIPNCMCE,500107GT,,,,VOLVO PENTA,Inboard_Engines,
4.3GIPNCSCE,500107GT,,,,VOLVO PENTA,Inboard_Engines,
4.3GIPWTC,500107GT,,,,VOLVO PENTA,Inboard_Engines,
4.3GIPWTR,500107GT,,,,VOLVO PENTA,Inboard_Engines,
4.3GL-A,500107GT,,,,VOLVO PENTA,Inboard_Engines,
4.3GL-B,500107GT,,,,VOLVO PENTA,Inboard_Engines,
4.3GL-C,500107GT,,,,VOLVO PENTA,Inboard_Engines,
4.3GL-D,500107GT,,,,VOLVO PENTA,Inboard_Engines,
4.3GS,500107GT,,,,VOLVO PENTA,Inboard_Engines,
4.Gi,500107GT,,,,VOLVO PENTA,Inboard_Engines,
4.3GL-E,500178G,,,,VOLVO PENTA,Inboard_Engines,
4.3GL-EF,500178G,,,,VOLVO PENTA,Inboard_Engines,
4.3GL-G,500178G,,,,VOLVO PENTA,Inboard_Engines,
4.3GL-GF,500178G,,,,VOLVO PENTA,Inboard_Engines,
4.3GLMMDA,500107GT,,,,VOLVO PENTA,Inboard_Engines,
4.3GLPBYC,500107GT,,,,VOLVO PENTA,Inboard_Engines,
4.3GLPEFS,500189GT,,,,VOLVO PENTA,Inboard_Engines,
4.3GLPHUB,500107GT,,,,VOLVO PENTA,Inboard_Engines,
4.3GLPLKD,500107GT,,,,VOLVO PENTA,Inboard_Engines,
4.3GLPLKE,500107GT,,,,VOLVO PENTA,Inboard_Engines,
4.3GLPMDA,500107GT,,,,VOLVO PENTA,Inboard_Engines,
4.3GLPNCA,500107GT,,,,VOLVO PENTA,Inboard_Engines,
4.3GLPNCB,500107GT,,,,VOLVO PENTA,Inboard_Engines,
4.3GLPNCS,500107GT,,,,VOLVO PENTA,Inboard_Engines,
4.3GLPWTC,500107GT,,,,VOLVO PENTA,Inboard_Engines,
4.3GLPWTR,500107GT,,,,VOLVO PENTA,Inboard_Engines,
4.3GL-J,500178G,,,,VOLVO PENTA,Inboard_Engines,
4.3GL-JF,500178G,,,,VOLVO PENTA,Inboard_Engines,
4.3GSJBYA,500107GT,,,,VOLVO PENTA,Inboard_Engines,
4.3GSJLKD,500107GT,,,,VOLVO PENTA,Inboard_Engines,
4.3GSJWTR,500107GT,,,,VOLVO PENTA,Inboard_Engines,
4.3GSJNCC,500107GT,,,,VOLVO PENTA,Inboard_Engines,
4.3GSJNCS,500107GT,,,,VOLVO PENTA,Inboard_Engines,
4.3GSPBYC,500107GT,,,,VOLVO PENTA,Inboard_Engines,
4.3GSPHUB,500107GT,,,,VOLVO PENTA,Inboard_Engines,
4.3GSPHUS,500107GT,,,,VOLVO PENTA,Inboard_Engines,
4.3GSPLKD,500107GT,,,,VOLVO PENTA,Inboard_Engines,
4.3GSPLKE,500107GT,,,,VOLVO PENTA,Inboard_Engines,
4.3GSPMDA,500107GT,,,,VOLVO PENTA,Inboard_Engines,
4.3GSPNCA,500107GT,,,,VOLVO PENTA,Inboard_Engines,
4.3GSPNCB,500107GT,,,,VOLVO PENTA,Inboard_Engines,
4.3GSPNCM,500107GT,,,,VOLVO PENTA,Inboard_Engines,
4.3GSPNCS,500107GT,,,,VOLVO PENTA,Inboard_Engines,
4.3GSPWTC,500107GT,,,,VOLVO PENTA,Inboard_Engines,
4.3GSPWTR,500107GT,,,,VOLVO PENTA,Inboard_Engines,
4.3GXi-A,500189GT,,,,VOLVO PENTA,Inboard_Engines,
4.3GXi-B,500189GT,,,,VOLVO PENTA,Inboard_Engines,
4.3GXi-C,500189GT,,,,VOLVO PENTA,Inboard_Engines,
4.3GXi-D,500189GT,,,,VOLVO PENTA,Inboard_Engines,
4.3GXi-E,500189GT,,,,VOLVO PENTA,Inboard_Engines,
4.3GXi-BF,500189GT,,,,VOLVO PENTA,Inboard_Engines,
4.3GXi-CF,500189GT,,,,VOLVO PENTA,Inboard_Engines,
4.3GXi-DF,500189GT,,,,VOLVO PENTA,Inboard_Engines,
4.3GXi-EF,500189GT,,,,VOLVO PENTA,Inboard_Engines,
4.3GXi-F,500178G,,,,VOLVO PENTA,Inboard_Engines,
4.3GXi-FF,500178G,,,,VOLVO PENTA,Inboard_Engines,
4.3GXi-G,500178G,,,,VOLVO PENTA,Inboard_Engines,
4.3GXi-GF,500178G,,,,VOLVO PENTA,Inboard_Engines,
4.3GXi-J,500178G,,,,VOLVO PENTA,Inboard_Engines,
4.3GXi-JF,500178G,,,,VOLVO PENTA,Inboard_Engines,
4.3GXiE-M,500178G,,,,VOLVO PENTA,Inboard_Engines,
4.3OSi-B,500189GT,,,,VOLVO PENTA,Inboard_Engines,
4.3OSi-C,500189GT,,,,VOLVO PENTA,Inboard_Engines,
4.3OSi-D,500189GT,,,,VOLVO PENTA,Inboard_Engines,
4.3OSi-E,500189GT,,,,VOLVO PENTA,Inboard_Engines,
4.3OSi-BF,500189GT,,,,VOLVO PENTA,Inboard_Engines,
4.3OSi-CF,500189GT,,,,VOLVO PENTA,Inboard_Engines,
4.3OSi-DF,500189GT,,,,VOLVO PENTA,Inboard_Engines,
4.3OSi-EF,500189GT,,,,VOLVO PENTA,Inboard_Engines,
4.3OSi-G,500178G,,,,VOLVO PENTA,Inboard_Engines,
4.3OSi-GF,500178G,,,,VOLVO PENTA,Inboard_Engines,
4.3OSi-F,500178G,,,,VOLVO PENTA,Inboard_Engines,
4.3OSi-FF,500178G,,,,VOLVO PENTA,Inboard_Engines,
4.3OSi-J,500178G,,,,VOLVO PENTA,Inboard_Engines,
4.3OSi-JF,500178G,,,,VOLVO PENTA,Inboard_Engines,
5.0FIPHUBCE,500107GT,,,,VOLVO PENTA,Inboard_Engines,
5.0FIPHUCCE,500107GT,,,,VOLVO PENTA,Inboard_Engines,
5.0FIPHUECE,500107GT,,,,VOLVO PENTA,Inboard_Engines,
5.0FIPHURCE,500107GT,,,,VOLVO PENTA,Inboard_Engines,
5.0FIPHUSCE,500107GT,,,,VOLVO PENTA,Inboard_Engines,
5.0FiPMDA,500107GT,,,,VOLVO PENTA,Inboard_Engines,
5.0FiPMDM,500107GT,,,,VOLVO PENTA,Inboard_Engines,
5.0FIPNCACE,500107GT,,,,VOLVO PENTA,Inboard_Engines,
5.0FIPNCBCE,500107GT,,,,VOLVO PENTA,Inboard_Engines,
5.0FIPNCMCE,500107GT,,,,VOLVO PENTA,Inboard_Engines,
5.0FIPNCSCE,500107GT,,,,VOLVO PENTA,Inboard_Engines,
5.0FL,500107GT,,,,VOLVO PENTA,Inboard_Engines,
5.0Fi,500107GT,,,,VOLVO PENTA,Inboard_Engines,
5.0Gi,500107GT,,,,VOLVO PENTA,Inboard_Engines,
5.0FLPHUB,500107GT,,,,VOLVO PENTA,Inboard_Engines,
5.0FLPHUC,500107GT,,,,VOLVO PENTA,Inboard_Engines,
5.0FLPHUE,500107GT,,,,VOLVO PENTA,Inboard_Engines,
5.0FLPHUR,500107GT,,,,VOLVO PENTA,Inboard_Engines,
5.0FLPHUS,500107GT,,,,VOLVO PENTA,Inboard_Engines,
5.0FLPMDA,500107GT,,,,VOLVO PENTA,Inboard_Engines,
5.0FLPNCA,500107GT,,,,VOLVO PENTA,Inboard_Engines,
5.0FLPNCB,500107GT,,,,VOLVO PENTA,Inboard_Engines,
5.0FLPNCM,500107GT,,,,VOLVO PENTA,Inboard_Engines,
5.0FLPNCS,500107GT,,,,VOLVO PENTA,Inboard_Engines,
5.0GIPBYCCE,500107GT,,,,VOLVO PENTA,Inboard_Engines,
5.0GIPEFS,500107GT,,,,VOLVO PENTA,Inboard_Engines,
5.0GIPWTR,500107GT,,,,VOLVO PENTA,Inboard_Engines,
5.0GL-A,500107GT,,,,VOLVO PENTA,Inboard_Engines,
5.0GL-B,500107GT,,,,VOLVO PENTA,Inboard_Engines,
5.0GL-C,500107GT,,,,VOLVO PENTA,Inboard_Engines,
5.0GL-D,500107GT,,,,VOLVO PENTA,Inboard_Engines,
5.0GL-E,500107GT,,,,VOLVO PENTA,Inboard_Engines,
5.0GL-F,500178G,,,,VOLVO PENTA,Inboard_Engines,
5.0GL-FF,500178G,,,,VOLVO PENTA,Inboard_Engines,
5.0GL-H,500178G,,,,VOLVO PENTA,Inboard_Engines,
5.0GL-HP,500178G,,,,VOLVO PENTA,Inboard_Engines,
5.0GL-J,500178G,,,,VOLVO PENTA,Inboard_Engines,
5.0GL-JF,500178G,,,,VOLVO PENTA,Inboard_Engines,
5.0GLPBYC,500107GT,,,,VOLVO PENTA,Inboard_Engines,
5.0GLPEFS,500107GT,,,,VOLVO PENTA,Inboard_Engines,
5.0GLPWTR,500107GT,,,,VOLVO PENTA,Inboard_Engines,
5.0GXi-A,500189GT,,,,VOLVO PENTA,Inboard_Engines,
5.0GXi-B,500189GT,,,,VOLVO PENTA,Inboard_Engines,
5.0GXi-C,500189GT,,,,VOLVO PENTA,Inboard_Engines,
5.0GXi-BF,500189GT,,,,VOLVO PENTA,Inboard_Engines,
5.0GXi-CF,500189GT,,,,VOLVO PENTA,Inboard_Engines,
5.0GXi-D,500189GT,,,,VOLVO PENTA,Inboard_Engines,
5.0GXi-DF,500189GT,,,,VOLVO PENTA,Inboard_Engines,
5.0GXi-E,500189GT,,,,VOLVO PENTA,Inboard_Engines,
5.0GXi-EF,500189GT,,,,VOLVO PENTA,Inboard_Engines,
5.0GXi-F,500178G,,,,VOLVO PENTA,Inboard_Engines,
5.0GXi-FF,500178G,,,,VOLVO PENTA,Inboard_Engines,
5.0GXi-G,500178G,,,,VOLVO PENTA,Inboard_Engines,
5.0GXi-GF,500178G,,,,VOLVO PENTA,Inboard_Engines,
5.0GXi-J,500178G,,,,VOLVO PENTA,Inboard_Engines,
5.0GXi-JF,500178G,,,,VOLVO PENTA,Inboard_Engines,
5.0GXi-N,500178G,,,,VOLVO PENTA,Inboard_Engines,
5.0GXiCE-J,500178G,,,,VOLVO PENTA,Inboard_Engines,
5.0GXiCE-JF,500178G,,,,VOLVO PENTA,Inboard_Engines,
5.0GXiCE-M,500178G,,,,VOLVO PENTA,Inboard_Engines,
5.0GXiCE-MF,500178G,,,,VOLVO PENTA,Inboard_Engines,
5.0GXiE-J,500178G,,,,VOLVO PENTA,Inboard_Engines,
5.0GXiE-JF,500178G,,,,VOLVO PENTA,Inboard_Engines,
5.0GXiE-K,500178G,,,,VOLVO PENTA,Inboard_Engines,
5.0GXiE-KF,500178G,,,,VOLVO PENTA,Inboard_Engines,
5.0GXiE-M,500178G,,,,VOLVO PENTA,Inboard_Engines,
5.0GXiE-MF,500178G,,,,VOLVO PENTA,Inboard_Engines,
5.0GXiE-N,500178G,,,,VOLVO PENTA,Inboard_Engines,
5.0L,500534,,,Exhaust bellow/Soffietto scarico,VOLVO PENTA,Inboard_Engines,
5.0FI,500534,,,Exhaust bellow/Soffietto scarico,VOLVO PENTA,Inboard_Engines,
5.0GL,500534,,,Exhaust bellow/Soffietto scarico,VOLVO PENTA,Inboard_Engines,
5.0FL,500534,,,Exhaust bellow/Soffietto scarico,VOLVO PENTA,Inboard_Engines,
5.0GXI,500534,,,Exhaust bellow/Soffietto scarico,VOLVO PENTA,Inboard_Engines,
5.0OSI,500534,,,Exhaust bellow/Soffietto scarico,VOLVO PENTA,Inboard_Engines,
5.0OSi-B,500189GT,,,,VOLVO PENTA,Inboard_Engines,
5.0OSi-C,500189GT,,,,VOLVO PENTA,Inboard_Engines,
5.0OSi-D,500189GT,,,,VOLVO PENTA,Inboard_Engines,
5.0OSi-E,500189GT,,,,VOLVO PENTA,Inboard_Engines,
5.0OSi-BF,500189GT,,,,VOLVO PENTA,Inboard_Engines,
5.0OSi-CF,500189GT,,,,VOLVO PENTA,Inboard_Engines,
5.0OSi-DF,500189GT,,,,VOLVO PENTA,Inboard_Engines,
5.0OSi-EF,500189GT,,,,VOLVO PENTA,Inboard_Engines,
5.0OSiE-J,500178G,,,,VOLVO PENTA,Inboard_Engines,
5.0OSiE-JF,500178G,,,,VOLVO PENTA,Inboard_Engines,
5.0OSi-F,500178G,,,,VOLVO PENTA,Inboard_Engines,
5.0OSi-FF,500178G,,,,VOLVO PENTA,Inboard_Engines,
5.0OSi-G,500178G,,,,VOLVO PENTA,Inboard_Engines,
5.0OSi-GF,500178G,,,,VOLVO PENTA,Inboard_Engines,
5.0OSi-J,500178G,,,,VOLVO PENTA,Inboard_Engines,
5.0OSi-JF,500178G,,,,VOLVO PENTA,Inboard_Engines,
5.7L,500534,,,Exhaust bellow/Soffietto scarico,VOLVO PENTA,Inboard_Engines,
5.7GI,500534,,,Exhaust bellow/Soffietto scarico,VOLVO PENTA,Inboard_Engines,
5.7GIL,500534,,,Exhaust bellow/Soffietto scarico,VOLVO PENTA,Inboard_Engines,
5.7OSI,500534,,,Exhaust bellow/Soffietto scarico,VOLVO PENTA,Inboard_Engines,
5.7GXI,500534,,,Exhaust bellow/Soffietto scarico,VOLVO PENTA,Inboard_Engines,
5.7OSXI,500534,,,Exhaust bellow/Soffietto scarico,VOLVO PENTA,Inboard_Engines,
5.7Gi-300-N,500178G,,,,VOLVO PENTA,Inboard_Engines,
5.7Gi-A,500189GT,,,,VOLVO PENTA,Inboard_Engines,
5.7Gi-B,500189GT,,,,VOLVO PENTA,Inboard_Engines,
5.7Gi-C,500189GT,,,,VOLVO PENTA,Inboard_Engines,
5.7Gi-D,500189GT,,,,VOLVO PENTA,Inboard_Engines,
5.7Gi-E,500189GT,,,,VOLVO PENTA,Inboard_Engines,
5.7Gi-BF,500189GT,,,,VOLVO PENTA,Inboard_Engines,
5.7Gi-CF,500189GT,,,,VOLVO PENTA,Inboard_Engines,
5.7Gi-DF,500189GT,,,,VOLVO PENTA,Inboard_Engines,
5.7Gi-EF,500189GT,,,,VOLVO PENTA,Inboard_Engines,
5.7Gi-G,500178G,,,,VOLVO PENTA,Inboard_Engines,
5.7Gi-GF,500178G,,,,VOLVO PENTA,Inboard_Engines,
5.7Gi-F,500178G,,,,VOLVO PENTA,Inboard_Engines,
5.7Gi-FF,500178G,,,,VOLVO PENTA,Inboard_Engines,
5.7GXi-G,500178G,,,,VOLVO PENTA,Inboard_Engines,
5.7GXi-GF,500178G,,,,VOLVO PENTA,Inboard_Engines,
5.7GiC-300-J,500178G,,,,VOLVO PENTA,Inboard_Engines,
5.7GiC-300-JF,500178G,,,,VOLVO PENTA,Inboard_Engines,
5.7GiCE-300-J,500178G,,,,VOLVO PENTA,Inboard_Engines,
5.7GiCE-300-JF,500178G,,,,VOLVO PENTA,Inboard_Engines,
5.7GiCE-300-M,500178G,,,,VOLVO PENTA,Inboard_Engines,
5.7GiCE-300-MF,500178G,,,,VOLVO PENTA,Inboard_Engines,
5.7GiE-300-J,500178G,,,,VOLVO PENTA,Inboard_Engines,
5.7GiE-300-JF,500178G,,,,VOLVO PENTA,Inboard_Engines,
5.7GiE-300-K,500178G,,,,VOLVO PENTA,Inboard_Engines,
5.7GiE-300-KF,500178G,,,,VOLVO PENTA,Inboard_Engines,
5.7GiE-300-M,500178G,,,,VOLVO PENTA,Inboard_Engines,
5.7GiE-300-MF,500178G,,,,VOLVO PENTA,Inboard_Engines,
5.7GiE-300-N,500178G,,,,VOLVO PENTA,Inboard_Engines,
5.7GiI-A,500189GT,,,,VOLVO PENTA,Inboard_Engines,
5.7GiI-C,500189GT,,,,VOLVO PENTA,Inboard_Engines,
5.7GiI-D,500189GT,,,,VOLVO PENTA,Inboard_Engines,
5.7GiI-E,500189GT,,,,VOLVO PENTA,Inboard_Engines,
5.7GiI-F,500178G,,,,VOLVO PENTA,Inboard_Engines,
5.7GiI-G,500178G,,,,VOLVO PENTA,Inboard_Engines,
5.7Gi-300-J,500178G,,,,VOLVO PENTA,Inboard_Engines,
5.7Gi-300-JF,500178G,,,,VOLVO PENTA,Inboard_Engines,
5.7GIIMDA,500107GT,,,,VOLVO PENTA,Inboard_Engines,
5.7GIINCCCE,500107GT,,,,VOLVO PENTA,Inboard_Engines,
5.7GIINCSCE,500107GT,,,,VOLVO PENTA,Inboard_Engines,
5.7GIPHUS,500107GT,,,,VOLVO PENTA,Inboard_Engines,
5.7GIPLKDCE,500107GT,,,,VOLVO PENTA,Inboard_Engines,
5.7GIPLKECE,500107GT,,,,VOLVO PENTA,Inboard_Engines,
5.7GIPMDA,500107GT,,,,VOLVO PENTA,Inboard_Engines,
5.7GIPMDACE,500107GT,,,,VOLVO PENTA,Inboard_Engines,
5.7GIPNCMCE,500107GT,,,,VOLVO PENTA,Inboard_Engines,
5.7GIPNCBCE,500107GT,,,,VOLVO PENTA,Inboard_Engines,
5.7GIPNCSCE,500107GT,,,,VOLVO PENTA,Inboard_Engines,
5.7GIPNCSCE,500107GT,,,,VOLVO PENTA,Inboard_Engines,
5.7GL-A,500107GT,,,,VOLVO PENTA,Inboard_Engines,
5.7GL-B,500107GT,,,,VOLVO PENTA,Inboard_Engines,
5.7GL-C,500107GT,,,,VOLVO PENTA,Inboard_Engines,
5.7GL-D,500107GT,,,,VOLVO PENTA,Inboard_Engines,
5.7GL-E,500107GT,,,,VOLVO PENTA,Inboard_Engines,
5.7GLIMDA,500107GT,,,,VOLVO PENTA,Inboard_Engines,
5.7GLIPLKDCE,500107GT,,,,VOLVO PENTA,Inboard_Engines,
5.7GLPLKA,500107GT,,,,VOLVO PENTA,Inboard_Engines,
5.7GLPLKD,500107GT,,,,VOLVO PENTA,Inboard_Engines,
5.7GLPLKE,500107GT,,,,VOLVO PENTA,Inboard_Engines,
5.7GLPLKR,500107GT,,,,VOLVO PENTA,Inboard_Engines,
5.7GLPMDA,500107GT,,,,VOLVO PENTA,Inboard_Engines,
5.7GLPNCS,500107GT,,,,VOLVO PENTA,Inboard_Engines,
5.7GSICPLKD,500107GT,,,,VOLVO PENTA,Inboard_Engines,
5.7GSiI-A,500107GT,,,,VOLVO PENTA,Inboard_Engines,
5.7GXi-A,500107GT,,,,VOLVO PENTA,Inboard_Engines,
5.7GSiI-B,500107GT,,,,VOLVO PENTA,Inboard_Engines,
5.7GSiI-D,500107GT,,,,VOLVO PENTA,Inboard_Engines,
5.7GSiI-DF,500107GT,,,,VOLVO PENTA,Inboard_Engines,
5.7GSiI-E,500107GT,,,,VOLVO PENTA,Inboard_Engines,
5.7GSiI-EF,500107GT,,,,VOLVO PENTA,Inboard_Engines,
5.7GSiI-F,500107GT,,,,VOLVO PENTA,Inboard_Engines,
5.7GSiI-FF,500107GT,,,,VOLVO PENTA,Inboard_Engines,
5.7GSIPBYCCE,500107GT,,,,VOLVO PENTA,Inboard_Engines,
5.7GSIPBYDCE,500107GT,,,,VOLVO PENTA,Inboard_Engines,
5.7GSIPEFS,500107GT,,,,VOLVO PENTA,Inboard_Engines,
5.7GSIPLKDCE,500107GT,,,,VOLVO PENTA,Inboard_Engines,
5.7GSIPLKE,500107GT,,,,VOLVO PENTA,Inboard_Engines,
5.7GSIPWTR,500107GT,,,,VOLVO PENTA,Inboard_Engines,
5.7GSPBYC,500107GT,,,,VOLVO PENTA,Inboard_Engines,
5.7GSPEFS,500107GT,,,,VOLVO PENTA,Inboard_Engines,
5.7GSPLKD,500107GT,,,,VOLVO PENTA,Inboard_Engines,
5.7GSPLKE,500107GT,,,,VOLVO PENTA,Inboard_Engines,
5.7GSPWTR,500107GT,,,,VOLVO PENTA,Inboard_Engines,
5.7GXi-C,500189GT,,,,VOLVO PENTA,Inboard_Engines,
5.7GXi-D,500189GT,,,,VOLVO PENTA,Inboard_Engines,
5.7GXi-E,500189GT,,,,VOLVO PENTA,Inboard_Engines,
5.7GXi-F,500189GT,,,,VOLVO PENTA,Inboard_Engines,
5.7GXi-CF,500189GT,,,,VOLVO PENTA,Inboard_Engines,
5.7GXi-DF,500189GT,,,,VOLVO PENTA,Inboard_Engines,
5.7GXi-EF,500189GT,,,,VOLVO PENTA,Inboard_Engines,
5.7GXi-FF,500189GT,,,,VOLVO PENTA,Inboard_Engines,
5.7GXi-J,500178G,,,,VOLVO PENTA,Inboard_Engines,
5.7GXi-JF,500178G,,,,VOLVO PENTA,Inboard_Engines,
5.7GXi-H,500178G,,,,VOLVO PENTA,Inboard_Engines,
5.7GXi-HF,500178G,,,,VOLVO PENTA,Inboard_Engines,
5.7GXi-N,500178G,,,,VOLVO PENTA,Inboard_Engines,
5.7GXiC-J,500178G,,,,VOLVO PENTA,Inboard_Engines,
5.7GXiC-JF,500178G,,,,VOLVO PENTA,Inboard_Engines,
5.7GXiCE-J,500178G,,,,VOLVO PENTA,Inboard_Engines,
5.7GXiCE-JF,500178G,,,,VOLVO PENTA,Inboard_Engines,
5.7GXiCE-M,500178G,,,,VOLVO PENTA,Inboard_Engines,
5.7GXiCE-MF,500178G,,,,VOLVO PENTA,Inboard_Engines,
5.7GXiE-J,500178G,,,,VOLVO PENTA,Inboard_Engines,
5.7GXiE-JF,500178G,,,,VOLVO PENTA,Inboard_Engines,
5.7GXiE-K,500178G,,,,VOLVO PENTA,Inboard_Engines,
5.7GXiE-KF,500178G,,,,VOLVO PENTA,Inboard_Engines,
5.7GXiE-M,500178G,,,,VOLVO PENTA,Inboard_Engines,
5.7GXiE-MF,500178G,,,,VOLVO PENTA,Inboard_Engines,
5.7GXiE-N,500178G,,,,VOLVO PENTA,Inboard_Engines,
5.7GXiI-A,500189GT,,,,VOLVO PENTA,Inboard_Engines,
5.7GXiI-B,500189GT,,,,VOLVO PENTA,Inboard_Engines,
5.7GXiI-C,500189GT,,,,VOLVO PENTA,Inboard_Engines,
5.7GXiI-D,500189GT,,,,VOLVO PENTA,Inboard_Engines,
5.7GXiI-E,500189GT,,,,VOLVO PENTA,Inboard_Engines,
5.7GXiI-F,500189GT,,,,VOLVO PENTA,Inboard_Engines,
5.7GXiI-G,500178G,,,,VOLVO PENTA,Inboard_Engines,
5.7GXiI-H,500178G,,,,VOLVO PENTA,Inboard_Engines,
5.7OSi-A,500189GT,,,,VOLVO PENTA,Inboard_Engines,
5.7OSi-B,500189GT,,,,VOLVO PENTA,Inboard_Engines,
5.7OSi-C,500189GT,,,,VOLVO PENTA,Inboard_Engines,
5.7OSi-D,500189GT,,,,VOLVO PENTA,Inboard_Engines,
5.7OSi-DAF,500189GT,,,,VOLVO PENTA,Inboard_Engines,
5.7OSi-BF,500189GT,,,,VOLVO PENTA,Inboard_Engines,
5.7OSi-CF,500189GT,,,,VOLVO PENTA,Inboard_Engines,
5.7OSi-DF,500189GT,,,,VOLVO PENTA,Inboard_Engines,
5.7OSi-E,500178G,,,,VOLVO PENTA,Inboard_Engines,
5.7OSi-EF,500178G,,,,VOLVO PENTA,Inboard_Engines,
5.7OSXi-E,500178G,,,,VOLVO PENTA,Inboard_Engines,
5.7OSXi-EF,500178G,,,,VOLVO PENTA,Inboard_Engines,
5.7OSi-300-J,500178G,,,,VOLVO PENTA,Inboard_Engines,
5.7OSi-300-JF,500178G,,,,VOLVO PENTA,Inboard_Engines,
5.7OSi-G,500178G,,,,VOLVO PENTA,Inboard_Engines,
5.7OSi-GF,500178G,,,,VOLVO PENTA,Inboard_Engines,
5.7OSiE-300-J,500178G,,,,VOLVO PENTA,Inboard_Engines,
5.7OSiE-300-JF,500178G,,,,VOLVO PENTA,Inboard_Engines,
5.7OSXi-A,500189GT,,,,VOLVO PENTA,Inboard_Engines,
5.7OSXi-B,500189GT,,,,VOLVO PENTA,Inboard_Engines,
5.7OSXi-C,500189GT,,,,VOLVO PENTA,Inboard_Engines,
5.7OSXi-D,500189GT,,,,VOLVO PENTA,Inboard_Engines,
5.7OSXi-AF,500189GT,,,,VOLVO PENTA,Inboard_Engines,
5.7OSXi-BF,500189GT,,,,VOLVO PENTA,Inboard_Engines,
5.7OSXi-CF,500189GT,,,,VOLVO PENTA,Inboard_Engines,
5.7OSXi-DF,500189GT,,,,VOLVO PENTA,Inboard_Engines,
5.7OSXi-E,500178G,,,,VOLVO PENTA,Inboard_Engines,
5.7OSXi-EF,500178G,,,,VOLVO PENTA,Inboard_Engines,
5.7OSXi-G,500178G,,,,VOLVO PENTA,Inboard_Engines,
5.7OXi-GF,500178G,,,,VOLVO PENTA,Inboard_Engines,
5.7OSXi-J,500178G,,,,VOLVO PENTA,Inboard_Engines,
5.7OXi-JF,500178G,,,,VOLVO PENTA,Inboard_Engines,
5.7OSXiE-J,500178G,,,,VOLVO PENTA,Inboard_Engines,
5.7OSXiE-JF,500178G,,,,VOLVO PENTA,Inboard_Engines,
5.7GS,500107GT,,,,VOLVO PENTA,Inboard_Engines,
5.7GSi,500107GT,,,,VOLVO PENTA,Inboard_Engines,
5.8FL,500107GT,,,,VOLVO PENTA,Inboard_Engines,
5.8FSi,500107GT,,,,VOLVO PENTA,Inboard_Engines,
5.8Fi,500107GT,,,,VOLVO PENTA,Inboard_Engines,
500A,500107GT,,,,VOLVO PENTA,Inboard_Engines,
500B,500107GT,,,,VOLVO PENTA,Inboard_Engines,
501A,500107GT,,,,VOLVO PENTA,Inboard_Engines,
501B,500107GT,,,,VOLVO PENTA,Inboard_Engines,
570A,500107GT,,,,VOLVO PENTA,Inboard_Engines,
5.8FIIHUBCE,500107GT,,,,VOLVO PENTA,Inboard_Engines,
5.8FIIHUECE,500107GT,,,,VOLVO PENTA,Inboard_Engines,
5.8FIPHUBCE,500107GT,,,,VOLVO PENTA,Inboard_Engines,
5.8FIPHUCCE,500107GT,,,,VOLVO PENTA,Inboard_Engines,
5.8FIPHUECE,500107GT,,,,VOLVO PENTA,Inboard_Engines,
5.8FIPHURCE,500107GT,,,,VOLVO PENTA,Inboard_Engines,
5.8FIPHUSCE,500107GT,,,,VOLVO PENTA,Inboard_Engines,
5.8FiPMDA,500107GT,,,,VOLVO PENTA,Inboard_Engines,
5.8FiPMDM,500107GT,,,,VOLVO PENTA,Inboard_Engines,
5.8FIPNCACE,500107GT,,,,VOLVO PENTA,Inboard_Engines,
5.8FIPNCBCE,500107GT,,,,VOLVO PENTA,Inboard_Engines,
5.8FIPNCMCE,500107GT,,,,VOLVO PENTA,Inboard_Engines,
5.8FIPNCSCE,500107GT,,,,VOLVO PENTA,Inboard_Engines,
5.8FLIHUB,500107GT,,,,VOLVO PENTA,Inboard_Engines,
5.8FLIHUE,500107GT,,,,VOLVO PENTA,Inboard_Engines,
5.8FLINCC,500107GT,,,,VOLVO PENTA,Inboard_Engines,
5.8FLINCS,500107GT,,,,VOLVO PENTA,Inboard_Engines,
5.8FLPHUC,500107GT,,,,VOLVO PENTA,Inboard_Engines,
5.8FLPHUE,500107GT,,,,VOLVO PENTA,Inboard_Engines,
5.8FLPHUR,500107GT,,,,VOLVO PENTA,Inboard_Engines,
5.8FLPMDA,500107GT,,,,VOLVO PENTA,Inboard_Engines,
5.8FLPNCA,500107GT,,,,VOLVO PENTA,Inboard_Engines,
5.8FLPNCB,500107GT,,,,VOLVO PENTA,Inboard_Engines,
5.8FLPNCM,500107GT,,,,VOLVO PENTA,Inboard_Engines,
5.8FLPNCS,500107GT,,,,VOLVO PENTA,Inboard_Engines,
5.8FSIINCC,500107GT,,,,VOLVO PENTA,Inboard_Engines,
5.8FSIINCS,500107GT,,,,VOLVO PENTA,Inboard_Engines,
5.8FSIPHUBCE,500107GT,,,,VOLVO PENTA,Inboard_Engines,
5.8FSIPHUCCE,500107GT,,,,VOLVO PENTA,Inboard_Engines,
5.8FSIPHUECE,500107GT,,,,VOLVO PENTA,Inboard_Engines,
5.8FSIPHURCE,500107GT,,,,VOLVO PENTA,Inboard_Engines,
5.8FSIPHUSCE,500107GT,,,,VOLVO PENTA,Inboard_Engines,
5.8FSIPNCACE,500107GT,,,,VOLVO PENTA,Inboard_Engines,
5.8FSIPNCD,500107GT,,,,VOLVO PENTA,Inboard_Engines,
5.8FSIPNCS,500107GT,,,,VOLVO PENTA,Inboard_Engines,
5.8L,500534,,,Exhaust bellow/Soffietto scarico,VOLVO PENTA,Inboard_Engines,
FL,500534,,,Exhaust bellow/Soffietto scarico,VOLVO PENTA,Inboard_Engines,
FI,500534,,,Exhaust bellow/Soffietto scarico,VOLVO PENTA,Inboard_Engines,
FSI,500534,,,Exhaust bellow/Soffietto scarico,VOLVO PENTA,Inboard_Engines,
7.45Gi,500107GT,,,,VOLVO PENTA,Inboard_Engines,
7.4GIIHUBCE,500107GT,,,,VOLVO PENTA,Inboard_Engines,
7.4GIINCCCE,500107GT,,,,VOLVO PENTA,Inboard_Engines,
7.4GIINCSCE,500107GT,,,,VOLVO PENTA,Inboard_Engines,
7.4GIPBYCCE,500107GT,,,,VOLVO PENTA,Inboard_Engines,
7.4GIPBYDCE,500107GT,,,,VOLVO PENTA,Inboard_Engines,
7.4GiPEFS,500189GT,,,,VOLVO PENTA,Inboard_Engines,
7.4GIPLKDCE,500107GT,,,,VOLVO PENTA,Inboard_Engines,
7.4GIPLKECE,500107GT,,,,VOLVO PENTA,Inboard_Engines,
7.4GIPNCACE,500107GT,,,,VOLVO PENTA,Inboard_Engines,
7.4GIPNCBCE,500107GT,,,,VOLVO PENTA,Inboard_Engines,
7.4GIPNCMCE,500107GT,,,,VOLVO PENTA,Inboard_Engines,
7.4GIPNCSCE,500107GT,,,,VOLVO PENTA,Inboard_Engines,
7.4GIPWTR,500189GT,,,,VOLVO PENTA,Inboard_Engines,
7.4GLIHUB,500107GT,,,,VOLVO PENTA,Inboard_Engines,
7.4GLIMDA,500107GT,,,,VOLVO PENTA,Inboard_Engines,
7.4GLIMDM,500107GT,,,,VOLVO PENTA,Inboard_Engines,
7.4GLINCC,500107GT,,,,VOLVO PENTA,Inboard_Engines,
7.4GLINCS,500107GT,,,,VOLVO PENTA,Inboard_Engines,
7.4GLPHUS,500107GT,,,,VOLVO PENTA,Inboard_Engines,
7.4GIPHUSCE,500107GT,,,,VOLVO PENTA,Inboard_Engines,
7.4GLPLKD,500107GT,,,,VOLVO PENTA,Inboard_Engines,
7.4GLPLKE,500107GT,,,,VOLVO PENTA,Inboard_Engines,
7.4GLPMDA,500107GT,,,,VOLVO PENTA,Inboard_Engines,
7.4GLPMDM,500107GT,,,,VOLVO PENTA,Inboard_Engines,
7.4GLPNCA,500107GT,,,,VOLVO PENTA,Inboard_Engines,
7.4GLPNCS,500107GT,,,,VOLVO PENTA,Inboard_Engines,
7.4GLPNCM,500107GT,,,,VOLVO PENTA,Inboard_Engines,
7.4GLPNCB,500107GT,,,,VOLVO PENTA,Inboard_Engines,
7.4GSi,500107GT,,,,VOLVO PENTA,Inboard_Engines,
7.4GSIINCC,500107GT,,,,VOLVO PENTA,Inboard_Engines,
7.4GSIINCS,500107GT,,,,VOLVO PENTA,Inboard_Engines,
7.4GSIPBYCCE,500107GT,,,,VOLVO PENTA,Inboard_Engines,
7.4GSiPEFS,500189GT,,,,VOLVO PENTA,Inboard_Engines,
7.4GSIPWTR,500189GT,,,,VOLVO PENTA,Inboard_Engines,
7.4GSIXHUS,500107GT,,,,VOLVO PENTA,Inboard_Engines,
7.4GSIXNCB,500107GT,,,,VOLVO PENTA,Inboard_Engines,
7.4GSIXNCM,500107GT,,,,VOLVO PENTA,Inboard_Engines,
7.4L,500534,,,Exhaust bellow/Soffietto scarico,VOLVO PENTA,Inboard_Engines,
GL,500534,,,Exhaust bellow/Soffietto scarico,VOLVO PENTA,Inboard_Engines,
GI,500534,,,Exhaust bellow/Soffietto scarico,VOLVO PENTA,Inboard_Engines,
8.1L,500534,,,Exhaust bellow/Soffietto scarico,VOLVO PENTA,Inboard_Engines,
GI,500534,,,Exhaust bellow/Soffietto scarico,VOLVO PENTA,Inboard_Engines,
GXI,500534,,,Exhaust bellow/Soffietto scarico,VOLVO PENTA,Inboard_Engines,
OSI,500534,,,Exhaust bellow/Soffietto scarico,VOLVO PENTA,Inboard_Engines,
8.1GI-A,500107GT,,,,VOLVO PENTA,Inboard_Engines,
8.1GI-B,500107GT,,,,VOLVO PENTA,Inboard_Engines,
8.1GI-BF,500107GT,,,,VOLVO PENTA,Inboard_Engines,
8.1GI-C,500107GT,,,,VOLVO PENTA,Inboard_Engines,
8.1GI-CF,500107GT,,,,VOLVO PENTA,Inboard_Engines,
8.1GI-D,500107GT,,,,VOLVO PENTA,Inboard_Engines,
8.1GI-DF,500107GT,,,,VOLVO PENTA,Inboard_Engines,
8.1GI-E,500107GT,,,,VOLVO PENTA,Inboard_Engines,
8.1GI-EF,500107GT,,,,VOLVO PENTA,Inboard_Engines,
8.1GI-F,500107GT,,,,VOLVO PENTA,Inboard_Engines,
8.1GI-FF,500107GT,,,,VOLVO PENTA,Inboard_Engines,
8.1Gi-G,500178G,,,,VOLVO PENTA,Inboard_Engines,
8.1Gi-GF,500178G,,,,VOLVO PENTA,Inboard_Engines,
8.1Gi-H,500178G,,,,VOLVO PENTA,Inboard_Engines,
8.1Gi-HF,500178G,,,,VOLVO PENTA,Inboard_Engines,
8.1Gi-J,500178G,,,,VOLVO PENTA,Inboard_Engines,
8.1Gi-JF,500178G,,,,VOLVO PENTA,Inboard_Engines,
8.1GiC-400-J,500178G,,,,VOLVO PENTA,Inboard_Engines,
8.1GiC-400JF,500178G,,,,VOLVO PENTA,Inboard_Engines,
8.1GiC-400-Q,500178G,,,,VOLVO PENTA,Inboard_Engines,
8.1GiCE-400-J,500178G,,,,VOLVO PENTA,Inboard_Engines,
8.1GiCE-400JF,500178G,,,,VOLVO PENTA,Inboard_Engines,
8.1GiCE-400-M,500178G,,,,VOLVO PENTA,Inboard_Engines,
8.1GiCE-400MF,500178G,,,,VOLVO PENTA,Inboard_Engines,
8.1GII-A,500107GT,,,,VOLVO PENTA,Inboard_Engines,
8.1GII-B,500107GT,,,,VOLVO PENTA,Inboard_Engines,
8.1GII-C,500107GT,,,,VOLVO PENTA,Inboard_Engines,
8.1GII-E,500107GT,,,,VOLVO PENTA,Inboard_Engines,
8.1GII-F,500107GT,,,,VOLVO PENTA,Inboard_Engines,
8.1GiI-G,500178G,,,,VOLVO PENTA,Inboard_Engines,
8.1GiI-H,500178G,,,,VOLVO PENTA,Inboard_Engines,
8.1GiE-J,500178G,,,,VOLVO PENTA,Inboard_Engines,
8.1GiE-JF,500178G,,,,VOLVO PENTA,Inboard_Engines,
8.1GiE-K,500178G,,,,VOLVO PENTA,Inboard_Engines,
8.1GiE-KF,500178G,,,,VOLVO PENTA,Inboard_Engines,
8.1GiE-M,500178G,,,,VOLVO PENTA,Inboard_Engines,
8.1GiE-MF,500178G,,,,VOLVO PENTA,Inboard_Engines,
8.1GSI-A,500107GT,,,,VOLVO PENTA,Inboard_Engines,
8.1GSII-A,500107GT,,,,VOLVO PENTA,Inboard_Engines,
8.1GXI-A,500107GT,,,,VOLVO PENTA,Inboard_Engines,
8.1GXI-AF,500107GT,,,,VOLVO PENTA,Inboard_Engines,
8.1GXI-B,500107GT,,,,VOLVO PENTA,Inboard_Engines,
8.1GXI-BF,500107GT,,,,VOLVO PENTA,Inboard_Engines,
8.1GXI-C,500107GT,,,,VOLVO PENTA,Inboard_Engines,
8.1GXI-CF,500107GT,,,,VOLVO PENTA,Inboard_Engines,
8.1GXI-D,500107GT,,,,VOLVO PENTA,Inboard_Engines,
8.1GXI-DF,500107GT,,,,VOLVO PENTA,Inboard_Engines,
8.1GXI-E,500107GT,,,,VOLVO PENTA,Inboard_Engines,
8.1GXI-EF,500107GT,,,,VOLVO PENTA,Inboard_Engines,
8.1GXi-F,500178G,,,,VOLVO PENTA,Inboard_Engines,
8.1GXi-FF,500178G,,,,VOLVO PENTA,Inboard_Engines,
8.1GXi-G,500178G,,,,VOLVO PENTA,Inboard_Engines,
8.1GXi-GF,500178G,,,,VOLVO PENTA,Inboard_Engines,
8.1GXi-J,500178G,,,,VOLVO PENTA,Inboard_Engines,
8.1GXi-JF,500178G,,,,VOLVO PENTA,Inboard_Engines,
8.1GXiI-F,500178G,,,,VOLVO PENTA,Inboard_Engines,
8.1GXiI-G,500178G,,,,VOLVO PENTA,Inboard_Engines,
8.1GXiE-J,500178G,,,,VOLVO PENTA,Inboard_Engines,
8.1GXiE-JF,500178G,,,,VOLVO PENTA,Inboard_Engines,
8.1GXiE-K,500178G,,,,VOLVO PENTA,Inboard_Engines,
8.1GXiE-KF,500178G,,,,VOLVO PENTA,Inboard_Engines,
8.1GXiE-M,500178G,,,,VOLVO PENTA,Inboard_Engines,
8.1GXiE-MF,500178G,,,,VOLVO PENTA,Inboard_Engines,
8.1GXII-A,500107GT,,,,VOLVO PENTA,Inboard_Engines,
8.1GXII-B,500107GT,,,,VOLVO PENTA,Inboard_Engines,
8.1GXII-C,500107GT,,,,VOLVO PENTA,Inboard_Engines,
8.1GXII-D,500107GT,,,,VOLVO PENTA,Inboard_Engines,
8.1GXII-E,500107GT,,,,VOLVO PENTA,Inboard_Engines,
8.1IPSCE-JF,500178G,,,,VOLVO PENTA,Inboard_Engines,
8.1IPSCE-MF,500178G,,,,VOLVO PENTA,Inboard_Engines,
8.1OSI-A,500107GT,,,,VOLVO PENTA,Inboard_Engines,
8.1OSI-AF,500107GT,,,,VOLVO PENTA,Inboard_Engines,
8.1OSI-B,500107GT,,,,VOLVO PENTA,Inboard_Engines,
8.1OSI-BF,500107GT,,,,VOLVO PENTA,Inboard_Engines,
8.1OSi-C,500178G,,,,VOLVO PENTA,Inboard_Engines,
8.1OSi-CF,500178G,,,,VOLVO PENTA,Inboard_Engines,
8.1OSi-D,500178G,,,,VOLVO PENTA,Inboard_Engines,
8.1OSi-DF,500178G,,,,VOLVO PENTA,Inboard_Engines,
8.1OSi-J,500178G,,,,VOLVO PENTA,Inboard_Engines,
8.10OSi-JF,500178G,,,,VOLVO PENTA,Inboard_Engines,
8.1OSiE-J,500178G,,,,VOLVO PENTA,Inboard_Engines,
8.1OSiE-JF,500178G,,,,VOLVO PENTA,Inboard_Engines,
8.2 GL,500107GT,,,,VOLVO PENTA,Inboard_Engines,
8.2GLIMDA,500107GT,,,,VOLVO PENTA,Inboard_Engines,
8.2GLIMDM,500107GT,,,,VOLVO PENTA,Inboard_Engines,
8.2GLPMDM,500107GT,,,,VOLVO PENTA,Inboard_Engines,
8.2GLPMDM,500107GT,,,,VOLVO PENTA,Inboard_Engines,
8.2GSIPBYCCE,500107GT,,,,VOLVO PENTA,Inboard_Engines,
8.2GSiPEFS,500189GT,,,,VOLVO PENTA,Inboard_Engines,
8.2GSIPWTR,500189GT,,,,VOLVO PENTA,Inboard_Engines,
8.2GSIXNCB,500107GT,,,,VOLVO PENTA,Inboard_Engines,
8.2L,500534,,,Exhaust bellow/Soffietto scarico,VOLVO PENTA,Inboard_Engines,
110S,501001,,,Cover plate against hull/Patella di sigillatura,VOLVO PENTA,Inboard_Engines,
120S,501001,,,Cover plate against hull/Patella di sigillatura,VOLVO PENTA,Inboard_Engines,
120S-B,501001,,,Cover plate against hull/Patella di sigillatura,VOLVO PENTA,Inboard_Engines,
120S-C,501001,,,Cover plate against hull/Patella di sigillatura,VOLVO PENTA,Inboard_Engines,
120S-D,501001,,,Cover plate against hull/Patella di sigillatura,VOLVO PENTA,Inboard_Engines,
120S-E,501001,,,Cover plate against hull/Patella di sigillatura,VOLVO PENTA,Inboard_Engines,
120S-E,500107GT,,,,VOLVO PENTA,Inboard_Engines,
200,501011,,,Cooling hose/Manicotto acqua,VOLVO PENTA,Inboard_Engines,
250,501011,,,Cooling hose/Manicotto acqua,VOLVO PENTA,Inboard_Engines,
270,501011,,,Cooling hose/Manicotto acqua,VOLVO PENTA,Inboard_Engines,
280DP,501011,,,Cooling hose/Manicotto acqua,VOLVO PENTA,Inboard_Engines,
280PT,501011,,,Cooling hose/Manicotto acqua,VOLVO PENTA,Inboard_Engines,
2001,500121GX,,,,VOLVO PENTA,Inboard_Engines,
2002,500121GX,,,,VOLVO PENTA,Inboard_Engines,
2003,500121GX,,,,VOLVO PENTA,Inboard_Engines,
2001AG,500121GX,,,,VOLVO PENTA,Inboard_Engines,
2001B,500121GX,,,,VOLVO PENTA,Inboard_Engines,
2001BG,500121GX,,,,VOLVO PENTA,Inboard_Engines,
2001B,500121GX,,,,VOLVO PENTA,Inboard_Engines,
2002B,500121GX,,,,VOLVO PENTA,Inboard_Engines,
2003B,500121GX,,,,VOLVO PENTA,Inboard_Engines,
2002,500121GX,,,,VOLVO PENTA,Inboard_Engines,
2002AG,500121GX,,,,VOLVO PENTA,Inboard_Engines,
2002B,500121GX,,,,VOLVO PENTA,Inboard_Engines,
2002BG,500121GX,,,,VOLVO PENTA,Inboard_Engines,
2002D,500121GX,,,,VOLVO PENTA,Inboard_Engines,
2003,500121GX,,,,VOLVO PENTA,Inboard_Engines,
2003AG,500121GX,,,,VOLVO PENTA,Inboard_Engines,
2003B,500121GX,,,,VOLVO PENTA,Inboard_Engines,
2003BG,500121GX,,,,VOLVO PENTA,Inboard_Engines,
2003D,500121GX,,,,VOLVO PENTA,Inboard_Engines,
200,500510K,,,Stern drive/Gruppo poppiero (u-joint/giunto),VOLVO PENTA,Inboard_Engines,
290DPA,500510K,,,Stern drive/Gruppo poppiero (u-joint/giunto),VOLVO PENTA,Inboard_Engines,
SP,500510K,,,Stern drive/Gruppo poppiero (u-joint/giunto),VOLVO PENTA,Inboard_Engines,
DP-A,500510K,,,Stern drive/Gruppo poppiero (u-joint/giunto),VOLVO PENTA,Inboard_Engines,
DP-E,500510K,,,Stern drive/Gruppo poppiero (u-joint/giunto),VOLVO PENTA,Inboard_Engines,
DPX,500510K,,,Stern drive/Gruppo poppiero (u-joint/giunto),VOLVO PENTA,Inboard_Engines,
200,500505,,,Exhaust bellow/Soffietto scarico ,VOLVO PENTA,Inboard_Engines,
290DPA,500505,,,Exhaust bellow/Soffietto scarico ,VOLVO PENTA,Inboard_Engines,
SP,500505,,,Exhaust bellow/Soffietto scarico ,VOLVO PENTA,Inboard_Engines,
DP-A,500505,,,Exhaust bellow/Soffietto scarico ,VOLVO PENTA,Inboard_Engines,
DP-E,500505,,,Exhaust bellow/Soffietto scarico ,VOLVO PENTA,Inboard_Engines,
DPX,500505,,,Exhaust bellow/Soffietto scarico ,VOLVO PENTA,Inboard_Engines,
2003T,500107GT,,,,VOLVO PENTA,Inboard_Engines,
2003TB,500107GT,,,,VOLVO PENTA,Inboard_Engines,
AQD21A,500107GT,,,,VOLVO PENTA,Inboard_Engines,
AQD21B,500107GT,,,,VOLVO PENTA,Inboard_Engines,
230,501008K,,,Rubber Bushing Trasmission/ Cuscinetto Trasmissione,VOLVO PENTA,Inboard_Engines,
230A,500170CG,,,,VOLVO PENTA,Inboard_Engines,
230B,500170CG,,,,VOLVO PENTA,Inboard_Engines,
230B,501007,,,Clamp ring Flywheel Housing/Anello gomma Scatola Volano,VOLVO PENTA,Inboard_Engines,
230A,501006,,,Clamp ring Flywheel Housing/Anello gomma Scatola Volano,VOLVO PENTA,Inboard_Engines,
SP-A,501006,,,Clamp ring Flywheel Housing/Anello gomma Scatola Volano,VOLVO PENTA,Inboard_Engines,
SP-MT,501006,,,Clamp ring Flywheel Housing/Anello gomma Scatola Volano,VOLVO PENTA,Inboard_Engines,
230A,501007,,,Clamp ring Flywheel Housing/Anello gomma Scatola Volano,VOLVO PENTA,Inboard_Engines,
SP-SP,501007,,,Clamp ring Flywheel Housing/Anello gomma Scatola Volano,VOLVO PENTA,Inboard_Engines,
250,501008K,,,Rubber Bushing Trasmission/ Cuscinetto Trasmissione,VOLVO PENTA,Inboard_Engines,
250A,501006,,,Clamp ring Flywheel Housing/Anello gomma Scatola Volano,VOLVO PENTA,Inboard_Engines,
SP-A,501006,,,Clamp ring Flywheel Housing/Anello gomma Scatola Volano,VOLVO PENTA,Inboard_Engines,
SP-MT,501006,,,Clamp ring Flywheel Housing/Anello gomma Scatola Volano,VOLVO PENTA,Inboard_Engines,
250A,500170CG,,,,VOLVO PENTA,Inboard_Engines,
250B,500170CG,,,,VOLVO PENTA,Inboard_Engines,
250A,501007,,,Clamp ring Flywheel Housing/Anello gomma Scatola Volano,VOLVO PENTA,Inboard_Engines,
250B,501007,,,Clamp ring Flywheel Housing/Anello gomma Scatola Volano,VOLVO PENTA,Inboard_Engines,
251A,500170CG,,,,VOLVO PENTA,Inboard_Engines,
251A,501007,,,Clamp ring Flywheel Housing/Anello gomma Scatola Volano,VOLVO PENTA,Inboard_Engines,
280B,500133G,,,,VOLVO PENTA,Inboard_Engines,
290A,500133G,,,,VOLVO PENTA,Inboard_Engines,
290DP,500133G,,,,VOLVO PENTA,Inboard_Engines,
290,501002K,,,Cooling hose/Manicotto acqua,VOLVO PENTA,Inboard_Engines,
290A,501002K,,,Cooling hose/Manicotto acqua,VOLVO PENTA,Inboard_Engines,
290DP,501002K,,,Cooling hose/Manicotto acqua,VOLVO PENTA,Inboard_Engines,
290DPA,501002K,,,Cooling hose/Manicotto acqua,VOLVO PENTA,Inboard_Engines,
DP-A,501002K,,,Cooling hose/Manicotto acqua,VOLVO PENTA,Inboard_Engines,
DP-A1,501002K,,,Cooling hose/Manicotto acqua,VOLVO PENTA,Inboard_Engines,
430A,500133G,,,,VOLVO PENTA,Inboard_Engines,
430B,500133G,,,,VOLVO PENTA,Inboard_Engines,
431A,500133G,,,,VOLVO PENTA,Inboard_Engines,
431B,500133G,,,,VOLVO PENTA,Inboard_Engines,
432A,500133G,,,,VOLVO PENTA,Inboard_Engines,
434A,500133G,,,,VOLVO PENTA,Inboard_Engines,
430A,501007,,,Clamp ring Flywheel Housing/Anello gomma Scatola Volano,VOLVO PENTA,Inboard_Engines,
430B,501007,,,Clamp ring Flywheel Housing/Anello gomma Scatola Volano,VOLVO PENTA,Inboard_Engines,
431A,501007,,,Clamp ring Flywheel Housing/Anello gomma Scatola Volano,VOLVO PENTA,Inboard_Engines,
431B,501007,,,Clamp ring Flywheel Housing/Anello gomma Scatola Volano,VOLVO PENTA,Inboard_Engines,
432A,501007,,,Clamp ring Flywheel Housing/Anello gomma Scatola Volano,VOLVO PENTA,Inboard_Engines,
434A,501007,,,Clamp ring Flywheel Housing/Anello gomma Scatola Volano,VOLVO PENTA,Inboard_Engines,
500A,501006,,,Clamp ring Flywheel Housing/Anello gomma Scatola Volano,VOLVO PENTA,Inboard_Engines,
500A,500107GT,,,,VOLVO PENTA,Inboard_Engines,
500B,501007,,,Clamp ring Flywheel Housing/Anello gomma Scatola Volano,VOLVO PENTA,Inboard_Engines,
500B,500133G,,,,VOLVO PENTA,Inboard_Engines,
501A,501006,,,Clamp ring Flywheel Housing/Anello gomma Scatola Volano,VOLVO PENTA,Inboard_Engines,
501A,500107GT,,,,VOLVO PENTA,Inboard_Engines,
501A,500107GT,,,,VOLVO PENTA,Inboard_Engines,
MS4,500107GT,,,,VOLVO PENTA,Inboard_Engines,
501B,501007,,,Clamp ring Flywheel Housing/Anello gomma Scatola Volano,VOLVO PENTA,Inboard_Engines,
501B,500133G,,,,VOLVO PENTA,Inboard_Engines,
570A,501007,,,Clamp ring Flywheel Housing/Anello gomma Scatola Volano,VOLVO PENTA,Inboard_Engines,
572A,501007,,,Clamp ring Flywheel Housing/Anello gomma Scatola Volano,VOLVO PENTA,Inboard_Engines,
570A,500133G,,,,VOLVO PENTA,Inboard_Engines,
MS4A,500133G,,,,VOLVO PENTA,Inboard_Engines,
571A,500133G,,,,VOLVO PENTA,Inboard_Engines,
572A,500133G,,,,VOLVO PENTA,Inboard_Engines,
7.4GL,500133G,,,,VOLVO PENTA,Inboard_Engines,
571A,501006,,,Clamp ring Flywheel Housing/Anello gomma Scatola Volano,VOLVO PENTA,Inboard_Engines,
571A,500133G,,,,VOLVO PENTA,Inboard_Engines,
740A,501006,,,Clamp ring Flywheel Housing/Anello gomma Scatola Volano,VOLVO PENTA,Inboard_Engines,
740B,501007,,,Clamp ring Flywheel Housing/Anello gomma Scatola Volano,VOLVO PENTA,Inboard_Engines,
740A,500133G,,,,VOLVO PENTA,Inboard_Engines,
740B,500133G,,,,VOLVO PENTA,Inboard_Engines,
AD30/A,501008K,,,Rubber Bushing Trasmission/ Cuscinetto Trasmissione,VOLVO PENTA,Inboard_Engines,
AD30A,500106GT,,,,VOLVO PENTA,Inboard_Engines,
AD31A,500106GT,,,,VOLVO PENTA,Inboard_Engines,
AD31B,500106GT,,,,VOLVO PENTA,Inboard_Engines,
AD31D,500106GT,,,,VOLVO PENTA,Inboard_Engines,
AD31L-A,500106GT,,,,VOLVO PENTA,Inboard_Engines,
AD31A/B/D/XD,501007,,,Clamp ring Flywheel Housing/Anello gomma Scatola Volano,VOLVO PENTA,Inboard_Engines,
AD31P-A,500106GT,,,,VOLVO PENTA,Inboard_Engines,
AD31XD,500106GT,,,,VOLVO PENTA,Inboard_Engines,
AD41A,500106GT,,,,VOLVO PENTA,Inboard_Engines,
AD41B,500106GT,,,,VOLVO PENTA,Inboard_Engines,
AD40B,501007,,,Clamp ring Flywheel Housing/Anello gomma Scatola Volano,VOLVO PENTA,Inboard_Engines,
AD41A,500106GT,,,,VOLVO PENTA,Inboard_Engines,
AD41B,500106GT,,,,VOLVO PENTA,Inboard_Engines,
AD41D,500106GT,,,,VOLVO PENTA,Inboard_Engines,
AD41L-A,500106GT,,,,VOLVO PENTA,Inboard_Engines,
AD41P-A,500106GT,,,,VOLVO PENTA,Inboard_Engines,
AD41A/B/D,501007,,,Clamp ring Flywheel Housing/Anello gomma Scatola Volano,VOLVO PENTA,Inboard_Engines,
AQ31,500530,,,Exhaust bellow/Soffietto scarico,VOLVO PENTA,Inboard_Engines,
AQ41 All Models/Tutti Modelli,500530,,,Exhaust bellow/Soffietto scarico,VOLVO PENTA,Inboard_Engines,
AQ60F,500116GX,,,,VOLVO PENTA,Inboard_Engines,
AQ60F,501006,,,Clamp ring Flywheel Housing/Anello gomma Scatola Volano,VOLVO PENTA,Inboard_Engines,
AQ60F,501007,,,Clamp ring Flywheel Housing/Anello gomma Scatola Volano,VOLVO PENTA,Inboard_Engines,
AQ70BL,500106GT,,,,VOLVO PENTA,Inboard_Engines,
AQ70CL,500106GT,,,,VOLVO PENTA,Inboard_Engines,
AQ80,501006,,,Clamp ring Flywheel Housing/Anello gomma Scatola Volano,VOLVO PENTA,Inboard_Engines,
AQ80 S,500116GX,,,,VOLVO PENTA,Inboard_Engines,
AQ90,500116GX,,,,VOLVO PENTA,Inboard_Engines,
AQ90,501006,,,Clamp ring Flywheel Housing/Anello gomma Scatola Volano,VOLVO PENTA,Inboard_Engines,
AQ90,501007,,,Clamp ring Flywheel Housing/Anello gomma Scatola Volano,VOLVO PENTA,Inboard_Engines,
AQ95,501007,,,Clamp ring Flywheel Housing/Anello gomma Scatola Volano,VOLVO PENTA,Inboard_Engines,
AQ95 A,500116GX,,,,VOLVO PENTA,Inboard_Engines,
AQ95A,501006,,,Clamp ring Flywheel Housing/Anello gomma Scatola Volano,VOLVO PENTA,Inboard_Engines,
AQ100,500116GX,,,,VOLVO PENTA,Inboard_Engines,
AQ100,501006,,,Clamp ring Flywheel Housing/Anello gomma Scatola Volano,VOLVO PENTA,Inboard_Engines,
AQ100,501007,,,Clamp ring Flywheel Housing/Anello gomma Scatola Volano,VOLVO PENTA,Inboard_Engines,
AQ105,501006,,,Clamp ring Flywheel Housing/Anello gomma Scatola Volano,VOLVO PENTA,Inboard_Engines,
AQ105,501007,,,Clamp ring Flywheel Housing/Anello gomma Scatola Volano,VOLVO PENTA,Inboard_Engines,
AQ105 A,500116GX,,,,VOLVO PENTA,Inboard_Engines,
AQ110,500116GX,,,,VOLVO PENTA,Inboard_Engines,
AQ110,501007,,,Clamp ring Flywheel Housing/Anello gomma Scatola Volano,VOLVO PENTA,Inboard_Engines,
AQ110 B,501006,,,Clamp ring Flywheel Housing/Anello gomma Scatola Volano,VOLVO PENTA,Inboard_Engines,
AQ115,501008K,,,Rubber Bushing Trasmission/ Cuscinetto Trasmissione,VOLVO PENTA,Inboard_Engines,
AQ115A,500116GX,,,,VOLVO PENTA,Inboard_Engines,
AQ115B,500116GX,,,,VOLVO PENTA,Inboard_Engines,
AQ115A,501007,,,Clamp ring Flywheel Housing/Anello gomma Scatola Volano,VOLVO PENTA,Inboard_Engines,
AQ115B,501007,,,Clamp ring Flywheel Housing/Anello gomma Scatola Volano,VOLVO PENTA,Inboard_Engines,
AQ115A,501006,,,Clamp ring Flywheel Housing/Anello gomma Scatola Volano,VOLVO PENTA,Inboard_Engines,
AQ120,500116GX,,,,VOLVO PENTA,Inboard_Engines,
AQ120B,501008K,,,Rubber Bushing Trasmission/ Cuscinetto Trasmissione,VOLVO PENTA,Inboard_Engines,
AQ120A,501006,,,Clamp ring Flywheel Housing/Anello gomma Scatola Volano,VOLVO PENTA,Inboard_Engines,
AQ120B,501006,,,Clamp ring Flywheel Housing/Anello gomma Scatola Volano,VOLVO PENTA,Inboard_Engines,
AQ120B,500170CG,,,,VOLVO PENTA,Inboard_Engines,
AQ125A,501008,,,Rubber Bushing Trasmission/ Cuscinetto Trasmissione,VOLVO PENTA,Inboard_Engines,
AQ125A,500170CG,,,,VOLVO PENTA,Inboard_Engines,
AQ125B,500170CG,,,,VOLVO PENTA,Inboard_Engines,
AQ125A,501006,,,Clamp ring Flywheel Housing/Anello gomma Scatola Volano,VOLVO PENTA,Inboard_Engines,
AQ125B,501006,,,Clamp ring Flywheel Housing/Anello gomma Scatola Volano,VOLVO PENTA,Inboard_Engines,
AQ125B,501008K,,,Rubber Bushing Trasmission/ Cuscinetto Trasmissione,VOLVO PENTA,Inboard_Engines,
AQ130,501008K,,,Rubber Bushing Trasmission/ Cuscinetto Trasmissione,VOLVO PENTA,Inboard_Engines,
AQ130A,501006,,,Clamp ring Flywheel Housing/Anello gomma Scatola Volano,VOLVO PENTA,Inboard_Engines,
AQ130B,501006,,,Clamp ring Flywheel Housing/Anello gomma Scatola Volano,VOLVO PENTA,Inboard_Engines,
AQ130A,501007,,,Clamp ring Flywheel Housing/Anello gomma Scatola Volano,VOLVO PENTA,Inboard_Engines,
AQ130B,501007,,,Clamp ring Flywheel Housing/Anello gomma Scatola Volano,VOLVO PENTA,Inboard_Engines,
AQ130A,500116GX,,,,VOLVO PENTA,Inboard_Engines,
AQ130B,500116GX,,,,VOLVO PENTA,Inboard_Engines,
AQ130C,500116GX,,,,VOLVO PENTA,Inboard_Engines,
AQ130D,500116GX,,,,VOLVO PENTA,Inboard_Engines,
AQ131A,500170CG,,,,VOLVO PENTA,Inboard_Engines,
AQ131B,500170CG,,,,VOLVO PENTA,Inboard_Engines,
AQ131C,500170CG,,,,VOLVO PENTA,Inboard_Engines,
AQ131D,500170CG,,,,VOLVO PENTA,Inboard_Engines,
AQ131A,501008K,,,Rubber Bushing Trasmission/ Cuscinetto Trasmissione,VOLVO PENTA,Inboard_Engines,
AQ131B,501008K,,,Rubber Bushing Trasmission/ Cuscinetto Trasmissione,VOLVO PENTA,Inboard_Engines,
AQ131C,501008K,,,Rubber Bushing Trasmission/ Cuscinetto Trasmissione,VOLVO PENTA,Inboard_Engines,
AQ131D,501008K,,,Rubber Bushing Trasmission/ Cuscinetto Trasmissione,VOLVO PENTA,Inboard_Engines,
AQ131B,501007,,,Clamp ring Flywheel Housing/Anello gomma Scatola Volano,VOLVO PENTA,Inboard_Engines,
AQ131C,501007,,,Clamp ring Flywheel Housing/Anello gomma Scatola Volano,VOLVO PENTA,Inboard_Engines,
AQ131A,501006,,,Clamp ring Flywheel Housing/Anello gomma Scatola Volano,VOLVO PENTA,Inboard_Engines,
AQ131D,501006,,,Clamp ring Flywheel Housing/Anello gomma Scatola Volano,VOLVO PENTA,Inboard_Engines,
AQ140A,500170CG,,,,VOLVO PENTA,Inboard_Engines,
AQ140A,501007,,,Clamp ring Flywheel Housing/Anello gomma Scatola Volano,VOLVO PENTA,Inboard_Engines,
AQ140A,501008K,,,Rubber Bushing Trasmission/ Cuscinetto Trasmissione,VOLVO PENTA,Inboard_Engines,
AQ145A,501008K,,,Rubber Bushing Trasmission/ Cuscinetto Trasmissione,VOLVO PENTA,Inboard_Engines,
AQ145A,500170CG,,,,VOLVO PENTA,Inboard_Engines,
AQ145B,500170CG,,,,VOLVO PENTA,Inboard_Engines,
AQ145A,501007,,,Clamp ring Flywheel Housing/Anello gomma Scatola Volano,VOLVO PENTA,Inboard_Engines,
AQ145B,501007,,,Clamp ring Flywheel Housing/Anello gomma Scatola Volano,VOLVO PENTA,Inboard_Engines,
AQ150A,500120GT,,,,VOLVO PENTA,Inboard_Engines,
AQ150B,500120GT,,,,VOLVO PENTA,Inboard_Engines,
AQ151A,500170CG,,,,VOLVO PENTA,Inboard_Engines,
AQ151B,500170CG,,,,VOLVO PENTA,Inboard_Engines,
AQ151C,500170CG,,,,VOLVO PENTA,Inboard_Engines,
AQ151A,501007,,,Clamp ring Flywheel Housing/Anello gomma Scatola Volano,VOLVO PENTA,Inboard_Engines,
AQ151B,501007,,,Clamp ring Flywheel Housing/Anello gomma Scatola Volano,VOLVO PENTA,Inboard_Engines,
AQ151C,501007,,,Clamp ring Flywheel Housing/Anello gomma Scatola Volano,VOLVO PENTA,Inboard_Engines,
AQ165,501008K,,,Rubber Bushing Trasmission/ Cuscinetto Trasmissione,VOLVO PENTA,Inboard_Engines,
AQ165A,500170CG,,,,VOLVO PENTA,Inboard_Engines,
AQ170,501008K,,,Rubber Bushing Trasmission/ Cuscinetto Trasmissione,VOLVO PENTA,Inboard_Engines,
AQ170A,500170CG,,,,VOLVO PENTA,Inboard_Engines,
AQ170B,500170CG,,,,VOLVO PENTA,Inboard_Engines,
AQ170C,500170CG,,,,VOLVO PENTA,Inboard_Engines,
AQ171A,500170CG,,,,VOLVO PENTA,Inboard_Engines,
AQ171C,500170CG,,,,VOLVO PENTA,Inboard_Engines,
AQ171A,501007,,,Clamp ring Flywheel Housing/Anello gomma Scatola Volano,VOLVO PENTA,Inboard_Engines,
AQ171C,501007,,,Clamp ring Flywheel Housing/Anello gomma Scatola Volano,VOLVO PENTA,Inboard_Engines,
AQ175A,501006,,,Clamp ring Flywheel Housing/Anello gomma Scatola Volano,VOLVO PENTA,Inboard_Engines,
AQ175A,501008K,,,Rubber Bushing Trasmission/ Cuscinetto Trasmissione,VOLVO PENTA,Inboard_Engines,
AQ175A,500107GT,,,,VOLVO PENTA,Inboard_Engines,
AQ175,500505FL,,,Exhaust bellow/Soffietto scarico,VOLVO PENTA,Inboard_Engines,
AQ280,500505FL,,,Exhaust bellow/Soffietto scarico,VOLVO PENTA,Inboard_Engines,
AQT,500505FL,,,Exhaust bellow/Soffietto scarico,VOLVO PENTA,Inboard_Engines,
AQPT,500505FL,,,Exhaust bellow/Soffietto scarico,VOLVO PENTA,Inboard_Engines,
AQD40,500505FL,,,Exhaust bellow/Soffietto scarico,VOLVO PENTA,Inboard_Engines,
AQD40,500505FL,,,Exhaust bellow/Soffietto scarico,VOLVO PENTA,Inboard_Engines,
V8,500505FL,,,Exhaust bellow/Soffietto scarico,VOLVO PENTA,Inboard_Engines,
AQ190A,500120GT,,,,VOLVO PENTA,Inboard_Engines,
AQ190A,501006,,,Clamp ring Flywheel Housing/Anello gomma Scatola Volano,VOLVO PENTA,Inboard_Engines,
AQ190A,501008K,,,Rubber Bushing Trasmission/ Cuscinetto Trasmissione,VOLVO PENTA,Inboard_Engines,
AQ200A,500103GT,,,,VOLVO PENTA,Inboard_Engines,
AQ200A,501006,,,Clamp ring Flywheel Housing/Anello gomma Scatola Volano,VOLVO PENTA,Inboard_Engines,
AQ200C,501006,,,Clamp ring Flywheel Housing/Anello gomma Scatola Volano,VOLVO PENTA,Inboard_Engines,
AQ200D,501006,,,Clamp ring Flywheel Housing/Anello gomma Scatola Volano,VOLVO PENTA,Inboard_Engines,
AQ200F,501006,,,Clamp ring Flywheel Housing/Anello gomma Scatola Volano,VOLVO PENTA,Inboard_Engines,
AQ200,500510K,,,Stern drive/Gruppo poppiero (u-joint/giunto),VOLVO PENTA,Inboard_Engines,
AQ250,500510K,,,Stern drive/Gruppo poppiero (u-joint/giunto),VOLVO PENTA,Inboard_Engines,
AQ270,500510K,,,Stern drive/Gruppo poppiero (u-joint/giunto),VOLVO PENTA,Inboard_Engines,
AQ275,500510K,,,Stern drive/Gruppo poppiero (u-joint/giunto),VOLVO PENTA,Inboard_Engines,
AQ200B,501008K,,,Rubber Bushing Trasmission/ Cuscinetto Trasmissione,VOLVO PENTA,Inboard_Engines,
AQ200C,501008K,,,Rubber Bushing Trasmission/ Cuscinetto Trasmissione,VOLVO PENTA,Inboard_Engines,
AQ200B,500103GT,,,,VOLVO PENTA,Inboard_Engines,
AQ200C,500103GT,,,,VOLVO PENTA,Inboard_Engines,
AQ200D,501008K,,,Rubber Bushing Trasmission/ Cuscinetto Trasmissione,VOLVO PENTA,Inboard_Engines,
AQ200F,501008K,,,Rubber Bushing Trasmission/ Cuscinetto Trasmissione,VOLVO PENTA,Inboard_Engines,
AQ200D,500107GT,,,,VOLVO PENTA,Inboard_Engines,
AQ200F,500107GT,,,,VOLVO PENTA,Inboard_Engines,
AQ205A,501007,,,Clamp ring Flywheel Housing/Anello gomma Scatola Volano,VOLVO PENTA,Inboard_Engines,
AQ205A,500107GT,,,,VOLVO PENTA,Inboard_Engines,
AQ210A,501006,,,Clamp ring Flywheel Housing/Anello gomma Scatola Volano,VOLVO PENTA,Inboard_Engines,
AQ211A,500107GT,,,,VOLVO PENTA,Inboard_Engines,
AQ211A,501006,,,Clamp ring Flywheel Housing/Anello gomma Scatola Volano,VOLVO PENTA,Inboard_Engines,
AQ225B,501008K,,,Rubber Bushing Trasmission/ Cuscinetto Trasmissione,VOLVO PENTA,Inboard_Engines,
AQ225A,501006,,,Clamp ring Flywheel Housing/Anello gomma Scatola Volano,VOLVO PENTA,Inboard_Engines,
AQ225B,501006,,,Clamp ring Flywheel Housing/Anello gomma Scatola Volano,VOLVO PENTA,Inboard_Engines,
AQ225C,501006,,,Clamp ring Flywheel Housing/Anello gomma Scatola Volano,VOLVO PENTA,Inboard_Engines,
AQ225D,501006,,,Clamp ring Flywheel Housing/Anello gomma Scatola Volano,VOLVO PENTA,Inboard_Engines,
AQ225E,501006,,,Clamp ring Flywheel Housing/Anello gomma Scatola Volano,VOLVO PENTA,Inboard_Engines,
AQ225F,501006,,,Clamp ring Flywheel Housing/Anello gomma Scatola Volano,VOLVO PENTA,Inboard_Engines,
AQ225B,500103GT,,,,VOLVO PENTA,Inboard_Engines,
AQ225C,500103GT,,,,VOLVO PENTA,Inboard_Engines,
AQ225C,501008K,,,Rubber Bushing Trasmission/ Cuscinetto Trasmissione,VOLVO PENTA,Inboard_Engines,
AQ225D,501008K,,,Rubber Bushing Trasmission/ Cuscinetto Trasmissione,VOLVO PENTA,Inboard_Engines,
AQ225E,501008K,,,Rubber Bushing Trasmission/ Cuscinetto Trasmissione,VOLVO PENTA,Inboard_Engines,
AQ225F,501008K,,,Rubber Bushing Trasmission/ Cuscinetto Trasmissione,VOLVO PENTA,Inboard_Engines,
AQ225D,500107GT,,,,VOLVO PENTA,Inboard_Engines,
AQ225E,500107GT,,,,VOLVO PENTA,Inboard_Engines,
AQ230A,500170CG,,,,VOLVO PENTA,Inboard_Engines,
AQ230B,500170CG,,,,VOLVO PENTA,Inboard_Engines,
AQ231A,501006,,,Clamp ring Flywheel Housing/Anello gomma Scatola Volano,VOLVO PENTA,Inboard_Engines,
AQ231B,501006,,,Clamp ring Flywheel Housing/Anello gomma Scatola Volano,VOLVO PENTA,Inboard_Engines,
AQ231A,501008K,,,Rubber Bushing Trasmission/ Cuscinetto Trasmissione,VOLVO PENTA,Inboard_Engines,
AQ231B,501008K,,,Rubber Bushing Trasmission/ Cuscinetto Trasmissione,VOLVO PENTA,Inboard_Engines,
AQ231B,500107GT,,,,VOLVO PENTA,Inboard_Engines,
AQ255B,500107GT,,,,VOLVO PENTA,Inboard_Engines,
AQ260A,500107GT,,,,VOLVO PENTA,Inboard_Engines,
AQ271A,500107GT,,,,VOLVO PENTA,Inboard_Engines,
AQ240 A,500120GT,,,,VOLVO PENTA,Inboard_Engines,
AQ240A,501006,,,Clamp ring Flywheel Housing/Anello gomma Scatola Volano,VOLVO PENTA,Inboard_Engines,
AQ240A,501008K,,,Rubber Bushing Trasmission/ Cuscinetto Trasmissione,VOLVO PENTA,Inboard_Engines,
AQ250A,500170CG,,,,VOLVO PENTA,Inboard_Engines,
AQ250B,500170CG,,,,VOLVO PENTA,Inboard_Engines,
AQ251A,500170CG,,,,VOLVO PENTA,Inboard_Engines,
AQ225A,501008K,,,Rubber Bushing Trasmission/ Cuscinetto Trasmissione,VOLVO PENTA,Inboard_Engines,
AQ255A,501006,,,Clamp ring Flywheel Housing/Anello gomma Scatola Volano,VOLVO PENTA,Inboard_Engines,
AQ255B,501006,,,Clamp ring Flywheel Housing/Anello gomma Scatola Volano,VOLVO PENTA,Inboard_Engines,
AQ255B,501008K,,,Rubber Bushing Trasmission/ Cuscinetto Trasmissione,VOLVO PENTA,Inboard_Engines,
AQ255A,500107GT,,,,VOLVO PENTA,Inboard_Engines,
AQ255B,500107GT,,,,VOLVO PENTA,Inboard_Engines,
AQ260A,501006,,,Clamp ring Flywheel Housing/Anello gomma Scatola Volano,VOLVO PENTA,Inboard_Engines,
AQ260B,501006,,,Clamp ring Flywheel Housing/Anello gomma Scatola Volano,VOLVO PENTA,Inboard_Engines,
AQ260A,501008K,,,Rubber Bushing Trasmission/ Cuscinetto Trasmissione,VOLVO PENTA,Inboard_Engines,
AQ260B,501008K,,,Rubber Bushing Trasmission/ Cuscinetto Trasmissione,VOLVO PENTA,Inboard_Engines,
AQ260A,500133G,,,,VOLVO PENTA,Inboard_Engines,
AQ260B,500133G,,,,VOLVO PENTA,Inboard_Engines,
AQ271A,501006,,,Clamp ring Flywheel Housing/Anello gomma Scatola Volano,VOLVO PENTA,Inboard_Engines,
AQ271B,501006,,,Clamp ring Flywheel Housing/Anello gomma Scatola Volano,VOLVO PENTA,Inboard_Engines,
AQ271C,501006,,,Clamp ring Flywheel Housing/Anello gomma Scatola Volano,VOLVO PENTA,Inboard_Engines,
AQ271D,501006,,,Clamp ring Flywheel Housing/Anello gomma Scatola Volano,VOLVO PENTA,Inboard_Engines,
AQ271A,501008K,,,Rubber Bushing Trasmission/ Cuscinetto Trasmissione,VOLVO PENTA,Inboard_Engines,
AQ271B,501008K,,,Rubber Bushing Trasmission/ Cuscinetto Trasmissione,VOLVO PENTA,Inboard_Engines,
AQ271C,501008K,,,Rubber Bushing Trasmission/ Cuscinetto Trasmissione,VOLVO PENTA,Inboard_Engines,
AQ271D,501008K,,,Rubber Bushing Trasmission/ Cuscinetto Trasmissione,VOLVO PENTA,Inboard_Engines,
AQ271A,500133G,,,,VOLVO PENTA,Inboard_Engines,
AQ271B,500133G,,,,VOLVO PENTA,Inboard_Engines,
AQ271C,500133G,,,,VOLVO PENTA,Inboard_Engines,
AQ271D,500133G,,,,VOLVO PENTA,Inboard_Engines,
AQ280A,501006,,,Clamp ring Flywheel Housing/Anello gomma Scatola Volano,VOLVO PENTA,Inboard_Engines,
AQ280A,501008K,,,Rubber Bushing Trasmission/ Cuscinetto Trasmissione,VOLVO PENTA,Inboard_Engines,
AQ280B,501008K,,,Rubber Bushing Trasmission/ Cuscinetto Trasmissione,VOLVO PENTA,Inboard_Engines,
AQ280C,501008K,,,Rubber Bushing Trasmission/ Cuscinetto Trasmissione,VOLVO PENTA,Inboard_Engines,
AQ280D,501008K,,,Rubber Bushing Trasmission/ Cuscinetto Trasmissione,VOLVO PENTA,Inboard_Engines,
AQ290A,500107GT,,,,VOLVO PENTA,Inboard_Engines,
BB225A,500107GT,,,,VOLVO PENTA,Inboard_Engines,
AQ290A,500133G,,,,VOLVO PENTA,Inboard_Engines,
AQ290A,501006,,,Clamp ring Flywheel Housing/Anello gomma Scatola Volano,VOLVO PENTA,Inboard_Engines,
AQ290A,501008K,,,Rubber Bushing Trasmission/ Cuscinetto Trasmissione,VOLVO PENTA,Inboard_Engines,
AQ311A,500133G,,,,VOLVO PENTA,Inboard_Engines,
AQ311B,500133G,,,,VOLVO PENTA,Inboard_Engines,
AQ311A,501006,,,Clamp ring Flywheel Housing/Anello gomma Scatola Volano,VOLVO PENTA,Inboard_Engines,
AQ311B,501006,,,Clamp ring Flywheel Housing/Anello gomma Scatola Volano,VOLVO PENTA,Inboard_Engines,
AQAD30A,501008K,,,Rubber Bushing Trasmission/ Cuscinetto Trasmissione,VOLVO PENTA,Inboard_Engines,
AQAD30A,501007,,,Clamp ring Flywheel Housing/Anello gomma Scatola Volano,VOLVO PENTA,Inboard_Engines,
AQAD31A,501007,,,Clamp ring Flywheel Housing/Anello gomma Scatola Volano,VOLVO PENTA,Inboard_Engines,
AQAD40A,501007,,,Clamp ring Flywheel Housing/Anello gomma Scatola Volano,VOLVO PENTA,Inboard_Engines,
AQAD40B,501007,,,Clamp ring Flywheel Housing/Anello gomma Scatola Volano,VOLVO PENTA,Inboard_Engines,
AQAD30A,500106GT,,,,VOLVO PENTA,Inboard_Engines,
AQAD31A,500106GT,,,,VOLVO PENTA,Inboard_Engines,
AQA41A,500106GT,,,,VOLVO PENTA,Inboard_Engines,
AQAD40,501008K,,,Rubber Bushing Trasmission/ Cuscinetto Trasmissione,VOLVO PENTA,Inboard_Engines,
AQAD40A,500105GT,,,,VOLVO PENTA,Inboard_Engines,
AQAD40B,500105GT,,,,VOLVO PENTA,Inboard_Engines,
TAMD40A,500105GT,,,,VOLVO PENTA,Inboard_Engines,
AQAD41A,501007,,,Clamp ring Flywheel Housing/Anello gomma Scatola Volano,VOLVO PENTA,Inboard_Engines,
AQAD41A,500106GT,,,,VOLVO PENTA,Inboard_Engines,
AQD2B,500121GX,,,,VOLVO PENTA,Inboard_Engines,
AQD19,501006,,,Clamp ring Flywheel Housing/Anello gomma Scatola Volano,VOLVO PENTA,Inboard_Engines,
AQD19,501007,,,Clamp ring Flywheel Housing/Anello gomma Scatola Volano,VOLVO PENTA,Inboard_Engines,
AQD19,500106GT,,,,VOLVO PENTA,Inboard_Engines,
AQD21A (SN 103387-),500170CG,,,,VOLVO PENTA,Inboard_Engines,
AQD21A,501008K,,,Rubber Bushing Trasmission/ Cuscinetto Trasmissione,VOLVO PENTA,Inboard_Engines,
AQD21A,501007,,,Clamp ring Flywheel Housing/Anello gomma Scatola Volano,VOLVO PENTA,Inboard_Engines,
AQD21B,501007,,,Clamp ring Flywheel Housing/Anello gomma Scatola Volano,VOLVO PENTA,Inboard_Engines,
AQD21B,500107GT,,,,VOLVO PENTA,Inboard_Engines,
AQD21B,501008K,,,Rubber Bushing Trasmission/ Cuscinetto Trasmissione,VOLVO PENTA,Inboard_Engines,
AQD21B (SN 103387-),500170CG,,,,VOLVO PENTA,Inboard_Engines,
AQD27,500106GT,,,,VOLVO PENTA,Inboard_Engines,
AQD29/A,501006,,,Clamp ring Flywheel Housing/Anello gomma Scatola Volano,VOLVO PENTA,Inboard_Engines,
AQD29/A,500106GT,,,,VOLVO PENTA,Inboard_Engines,
AQD30,500106GT,,,,VOLVO PENTA,Inboard_Engines,
AQD32A,501006,,,Clamp ring Flywheel Housing/Anello gomma Scatola Volano,VOLVO PENTA,Inboard_Engines,
AQD32A,500106GT,,,,VOLVO PENTA,Inboard_Engines,
AQD40A,500106GT,,,,VOLVO PENTA,Inboard_Engines,
AQD41A,500106GT,,,,VOLVO PENTA,Inboard_Engines,
AQD40,501008K,,,Rubber Bushing Trasmission/ Cuscinetto Trasmissione,VOLVO PENTA,Inboard_Engines,
AQD40A,501007,,,Clamp ring Flywheel Housing/Anello gomma Scatola Volano,VOLVO PENTA,Inboard_Engines,
AQD70B,500106GT,,,,VOLVO PENTA,Inboard_Engines,
AQD70C,500106GT,,,,VOLVO PENTA,Inboard_Engines,
AQD70D,500106GT,,,,VOLVO PENTA,Inboard_Engines,
D41A,500106GT,,,,VOLVO PENTA,Inboard_Engines,
AQD70CL,500106GT,,,,VOLVO PENTA,Inboard_Engines,
AQD140A,500106GT,,,,VOLVO PENTA,Inboard_Engines,
AQD140B,500106GT,,,,VOLVO PENTA,Inboard_Engines,
BB25,500116GX,,,,VOLVO PENTA,Inboard_Engines,
BB30,500116GX,,,,VOLVO PENTA,Inboard_Engines,
BB30F,500116GX,,,,VOLVO PENTA,Inboard_Engines,
BB70,500116GX,,,,VOLVO PENTA,Inboard_Engines,
BB100A,500116GX,,,,VOLVO PENTA,Inboard_Engines,
BB115,501008K,,,Rubber Bushing Trasmission/ Cuscinetto Trasmissione,VOLVO PENTA,Inboard_Engines,
BB115A,500116GX,,,,VOLVO PENTA,Inboard_Engines,
BB115B,500116GX,,,,VOLVO PENTA,Inboard_Engines,
BB115C,500116GX,,,,VOLVO PENTA,Inboard_Engines,
BB120,500116GX,,,,VOLVO PENTA,Inboard_Engines,
BB140A,500170CG,,,,VOLVO PENTA,Inboard_Engines,
BB140A,501008K,,,Rubber Bushing Trasmission/ Cuscinetto Trasmissione,VOLVO PENTA,Inboard_Engines,
BB145A,500170CG,,,,VOLVO PENTA,Inboard_Engines,
BB145A,501008K,,,Rubber Bushing Trasmission/ Cuscinetto Trasmissione,VOLVO PENTA,Inboard_Engines,
BB165,501008K,,,Rubber Bushing Trasmission/ Cuscinetto Trasmissione,VOLVO PENTA,Inboard_Engines,
BB165A,500170CG,,,,VOLVO PENTA,Inboard_Engines,
BB170,501008K,,,Rubber Bushing Trasmission/ Cuscinetto Trasmissione,VOLVO PENTA,Inboard_Engines,
BB170A,500170CG,,,,VOLVO PENTA,Inboard_Engines,
BB170B,500170CG,,,,VOLVO PENTA,Inboard_Engines,
BB170C,500170CG,,,,VOLVO PENTA,Inboard_Engines,
BB225A,500133G,,,,VOLVO PENTA,Inboard_Engines,
BB225B,500133G,,,,VOLVO PENTA,Inboard_Engines,
BB225AV,500133G,,,,VOLVO PENTA,Inboard_Engines,
BB225A,501008K,,,Rubber Bushing Trasmission/ Cuscinetto Trasmissione,VOLVO PENTA,Inboard_Engines,
BB225B,501008K,,,Rubber Bushing Trasmission/ Cuscinetto Trasmissione,VOLVO PENTA,Inboard_Engines,
BB225C,501008K,,,Rubber Bushing Trasmission/ Cuscinetto Trasmissione,VOLVO PENTA,Inboard_Engines,
BB225C,500133G,,,,VOLVO PENTA,Inboard_Engines,
275,500133G,,,,VOLVO PENTA,Inboard_Engines,
280B,500133G,,,,VOLVO PENTA,Inboard_Engines,
290A,500133G,,,,VOLVO PENTA,Inboard_Engines,
290DP,500133G,,,,VOLVO PENTA,Inboard_Engines,
BB231A,500133G,,,,VOLVO PENTA,Inboard_Engines,
BB261A,500133G,,,,VOLVO PENTA,Inboard_Engines,
BB260A,500133G,,,,VOLVO PENTA,Inboard_Engines,
BB260B,500133G,,,,VOLVO PENTA,Inboard_Engines,
BB260C,500133G,,,,VOLVO PENTA,Inboard_Engines,
BB260AV,500133G,,,,VOLVO PENTA,Inboard_Engines,
BB260A,501008K,,,Rubber Bushing Trasmission/ Cuscinetto Trasmissione,VOLVO PENTA,Inboard_Engines,
BB260B,501008K,,,Rubber Bushing Trasmission/ Cuscinetto Trasmissione,VOLVO PENTA,Inboard_Engines,
BB260C,501008K,,,Rubber Bushing Trasmission/ Cuscinetto Trasmissione,VOLVO PENTA,Inboard_Engines,
BB260AV,501008K,,,Rubber Bushing Trasmission/ Cuscinetto Trasmissione,VOLVO PENTA,Inboard_Engines,
BB261A,500107GT,,,,VOLVO PENTA,Inboard_Engines,
D1-13A,500116GX,,,,VOLVO PENTA,Inboard_Engines,
D1-13B,500116GX,,,,VOLVO PENTA,Inboard_Engines,
D1-13F,500116GX,,,,VOLVO PENTA,Inboard_Engines,
D1-20A,500116GX,,,,VOLVO PENTA,Inboard_Engines,
D1-20B,500116GX,,,,VOLVO PENTA,Inboard_Engines,
D1-20F,500116GX,,,,VOLVO PENTA,Inboard_Engines,
D1-30A,500116GX,,,,VOLVO PENTA,Inboard_Engines,
D1-30B,500116GX,,,,VOLVO PENTA,Inboard_Engines,
D1-30F,500116GX,,,,VOLVO PENTA,Inboard_Engines,
D2-55A,500107GT,,,,VOLVO PENTA,Inboard_Engines,
D2-55B,500107GT,,,,VOLVO PENTA,Inboard_Engines,
D2-55C,500107GT,,,,VOLVO PENTA,Inboard_Engines,
D2-55D,500107GT,,,,VOLVO PENTA,Inboard_Engines,
D2-55E,500107GT,,,,VOLVO PENTA,Inboard_Engines,
D2-55F,500107GT,,,,VOLVO PENTA,Inboard_Engines,
D2-75A,500107GT,,,,VOLVO PENTA,Inboard_Engines,
D2-75B,500107GT,,,,VOLVO PENTA,Inboard_Engines,
D2-75C,500107GT,,,,VOLVO PENTA,Inboard_Engines,
D2-75F,500107GT,,,,VOLVO PENTA,Inboard_Engines,
D3,500178G,,,,VOLVO PENTA,Inboard_Engines,
D3-110i-A,500178G,,,,VOLVO PENTA,Inboard_Engines,
D3-110i-B,500178G,,,,VOLVO PENTA,Inboard_Engines,
D3-110i-C,500178G,,,,VOLVO PENTA,Inboard_Engines,
D3-130A-A,500178G,,,,VOLVO PENTA,Inboard_Engines,
D3-130A-B,500178G,,,,VOLVO PENTA,Inboard_Engines,
D3-130A-C,500178G,,,,VOLVO PENTA,Inboard_Engines,
D3-130i-A,500178G,,,,VOLVO PENTA,Inboard_Engines,
D3-130i-B,500178G,,,,VOLVO PENTA,Inboard_Engines,
D3-130i-C,500178G,,,,VOLVO PENTA,Inboard_Engines,
D3-160A-A,500178G,,,,VOLVO PENTA,Inboard_Engines,
D3-160A-B,500178G,,,,VOLVO PENTA,Inboard_Engines,
D3-160A-C,500178G,,,,VOLVO PENTA,Inboard_Engines,
D3-160i-A,500178G,,,,VOLVO PENTA,Inboard_Engines,
D3-160i-B,500178G,,,,VOLVO PENTA,Inboard_Engines,
D3-160i-C,500178G,,,,VOLVO PENTA,Inboard_Engines,
D3-190A-B,500178G,,,,VOLVO PENTA,Inboard_Engines,
D3-190A-C,500178G,,,,VOLVO PENTA,Inboard_Engines,
D3-190i-B,500178G,,,,VOLVO PENTA,Inboard_Engines,
D3-190i-C,500178G,,,,VOLVO PENTA,Inboard_Engines,
D4,500114T,,,,VOLVO PENTA,Inboard_Engines,
D4-180i-B,500114T,,,,VOLVO PENTA,Inboard_Engines,
D4-180i-C,500114T,,,,VOLVO PENTA,Inboard_Engines,
D4-180i-D,500114T,,,,VOLVO PENTA,Inboard_Engines,
D4-210A-A,500114T,,,,VOLVO PENTA,Inboard_Engines,
D4-210A-B,500114T,,,,VOLVO PENTA,Inboard_Engines,
D4-210i-A,500114T,,,,VOLVO PENTA,Inboard_Engines,
D4-210i-B,500114T,,,,VOLVO PENTA,Inboard_Engines,
D4-225A-B,500114T,,,,VOLVO PENTA,Inboard_Engines,
D4-225A-C,500114T,,,,VOLVO PENTA,Inboard_Engines,
D4-225A-D,500114T,,,,VOLVO PENTA,Inboard_Engines,
D4-225i-B,500114T,,,,VOLVO PENTA,Inboard_Engines,
D4-225i-C,500114T,,,,VOLVO PENTA,Inboard_Engines,
D4-225i-D,500114T,,,,VOLVO PENTA,Inboard_Engines,
D4-260A-A,500114T,,,,VOLVO PENTA,Inboard_Engines,
D4-260A-B,500114T,,,,VOLVO PENTA,Inboard_Engines,
D4-260A-C,500114T,,,,VOLVO PENTA,Inboard_Engines,
D4-260A-D,500114T,,,,VOLVO PENTA,Inboard_Engines,
D4-260D-B,500114T,,,,VOLVO PENTA,Inboard_Engines,
D4-260D-C,500114T,,,,VOLVO PENTA,Inboard_Engines,
D4-260D-D,500114T,,,,VOLVO PENTA,Inboard_Engines,
D4-260i-A,500114T,,,,VOLVO PENTA,Inboard_Engines,
D4-260i-B,500114T,,,,VOLVO PENTA,Inboard_Engines,
D4-260i-C,500114T,,,,VOLVO PENTA,Inboard_Engines,
D4-260i-D,500114T,,,,VOLVO PENTA,Inboard_Engines,
D4-300A-A,500114T,,,,VOLVO PENTA,Inboard_Engines,
D4-300A-C,500114T,,,,VOLVO PENTA,Inboard_Engines,
D4-300A-D,500114T,,,,VOLVO PENTA,Inboard_Engines,
D4-300D-A,500114T,,,,VOLVO PENTA,Inboard_Engines,
D4-300D-C,500114T,,,,VOLVO PENTA,Inboard_Engines,
D4-300D-D,500114T,,,,VOLVO PENTA,Inboard_Engines,
D4-300i-A,500114T,,,,VOLVO PENTA,Inboard_Engines,
D4-300i-C,500114T,,,,VOLVO PENTA,Inboard_Engines,
D4-300i-D,500114T,,,,VOLVO PENTA,Inboard_Engines,
D41A,501007,,,Clamp ring Flywheel Housing/Anello gomma Scatola Volano,VOLVO PENTA,Inboard_Engines,
D41B,501007,,,Clamp ring Flywheel Housing/Anello gomma Scatola Volano,VOLVO PENTA,Inboard_Engines,
D41D,501007,,,Clamp ring Flywheel Housing/Anello gomma Scatola Volano,VOLVO PENTA,Inboard_Engines,
D41B,500106GT,,,,VOLVO PENTA,Inboard_Engines,
D41D,500106GT,,,,VOLVO PENTA,Inboard_Engines,
KAD300,500106GT,,,,VOLVO PENTA,Inboard_Engines,
KAD32P-A,500106GT,,,,VOLVO PENTA,Inboard_Engines,
D6-280A,500177GT,,, ,VOLVO PENTA,Inboard_Engines,
D6-280A-B,500177GT,,, ,VOLVO PENTA,Inboard_Engines,
D6-280A-C,500177GT,,, ,VOLVO PENTA,Inboard_Engines,
D6-280A-D,500177GT,,, ,VOLVO PENTA,Inboard_Engines,
D6-2801-A,500177GT,,, ,VOLVO PENTA,Inboard_Engines,
D6-2801-B,500177GT,,, ,VOLVO PENTA,Inboard_Engines,
D6-2801-C,500177GT,,, ,VOLVO PENTA,Inboard_Engines,
D6-2801-D-,500177GT,,, ,VOLVO PENTA,Inboard_Engines,
D6-2801-E,500177GT,,, ,VOLVO PENTA,Inboard_Engines,
D6-3101-A,500177GT,,, ,VOLVO PENTA,Inboard_Engines,
D6-310A-A,500177GT,,, ,VOLVO PENTA,Inboard_Engines,
D6-310A-B,500177GT,,, ,VOLVO PENTA,Inboard_Engines,
D6-310A-C,500177GT,,, ,VOLVO PENTA,Inboard_Engines,
D6-310A-D,500177GT,,, ,VOLVO PENTA,Inboard_Engines,
D6-310D-B,500177GT,,, ,VOLVO PENTA,Inboard_Engines,
D6-310D-C,500177GT,,, ,VOLVO PENTA,Inboard_Engines,
D6-310D-D,500177GT,,, ,VOLVO PENTA,Inboard_Engines,
D6-3101-B,500177GT,,, ,VOLVO PENTA,Inboard_Engines,
D6-3101-C,500177GT,,, ,VOLVO PENTA,Inboard_Engines,
D6-3101-D,500177GT,,, ,VOLVO PENTA,Inboard_Engines,
D6-330A-B,500177GT,,, ,VOLVO PENTA,Inboard_Engines,
D6-330A-C,500177GT,,, ,VOLVO PENTA,Inboard_Engines,
D6-330A-D,500177GT,,, ,VOLVO PENTA,Inboard_Engines,
D6-330D-B,500177GT,,, ,VOLVO PENTA,Inboard_Engines,
D6-330D-C,500177GT,,, ,VOLVO PENTA,Inboard_Engines,
D6-330D-D,500177GT,,, ,VOLVO PENTA,Inboard_Engines,
D6-3301-B,500177GT,,, ,VOLVO PENTA,Inboard_Engines,
D6-3301-C,500177GT,,, ,VOLVO PENTA,Inboard_Engines,
D6-3301-D,500177GT,,, ,VOLVO PENTA,Inboard_Engines,
D6-350A-A,500177GT,,, ,VOLVO PENTA,Inboard_Engines,
D6-350A-B,500177GT,,, ,VOLVO PENTA,Inboard_Engines,
D6-370A-B,500177GT,,, ,VOLVO PENTA,Inboard_Engines,
D6-370A-C,500177GT,,, ,VOLVO PENTA,Inboard_Engines,
D6-370A-D,500177GT,,, ,VOLVO PENTA,Inboard_Engines,
D6-370D-B,500177GT,,, ,VOLVO PENTA,Inboard_Engines,
D6-370D-C,500177GT,,, ,VOLVO PENTA,Inboard_Engines,
D6-370D-D,500177GT,,, ,VOLVO PENTA,Inboard_Engines,
D6-3701-A,500177GT,,, ,VOLVO PENTA,Inboard_Engines,
D6-3701-B,500177GT,,, ,VOLVO PENTA,Inboard_Engines,
D6-3701-C,500177GT,,, ,VOLVO PENTA,Inboard_Engines,
D6-3701-D,500177GT,,, ,VOLVO PENTA,Inboard_Engines,
D6-3101-E,500177GT,,, ,VOLVO PENTA,Inboard_Engines,
D6-3301-E,500177GT,,, ,VOLVO PENTA,Inboard_Engines,
D6-3701-E,500177GT,,, ,VOLVO PENTA,Inboard_Engines,
D6-435D-A,500177GT,,, ,VOLVO PENTA,Inboard_Engines,
D6-435D-D,500177GT,,, ,VOLVO PENTA,Inboard_Engines,
D6-435D-C,500177GT,,, ,VOLVO PENTA,Inboard_Engines,
D6-4351-A,500177GT,,, ,VOLVO PENTA,Inboard_Engines,
D6-4351-C,500177GT,,, ,VOLVO PENTA,Inboard_Engines,
D6-4351-D,500177GT,,, ,VOLVO PENTA,Inboard_Engines,
D6-4351-E,500177GT,,, ,VOLVO PENTA,Inboard_Engines,
D9A2A,500177GT,,, ,VOLVO PENTA,Inboard_Engines ,
D9-425,500177GT,,, ,VOLVO PENTA,Inboard_Engines,
D9A2A,500177GT,,, ,VOLVO PENTA,Inboard_Engines ,
D-500 (R4),500177GT,,, ,VOLVO PENTA,Inboard_Engines,
D9A2A,500177GT,,, ,VOLVO PENTA,Inboard_Engines,
D9-575,500177GT,,, ,VOLVO PENTA,Inboard_Engines,
D9A2B,500177GT,,, ,VOLVO PENTA,Inboard_Engines,
D9-425,500177GT,,, ,VOLVO PENTA,Inboard_Engines,
D9A2B,500177GT,,, ,VOLVO PENTA,Inboard_Engines,
D9-500 (R5),500177GT,,, ,VOLVO PENTA,Inboard_Engines,
D9A2A,500177GT,,, ,VOLVO PENTA,Inboard_Engines,
D9A-MH,500177GT,,, ,VOLVO PENTA,Inboard_Engines,
D9A2B,500177GT,,, ,VOLVO PENTA,Inboard_Engines,
D9-575,500177GT,,, ,VOLVO PENTA,Inboard_Engines,
D9A2B MH,500177GT,,, ,VOLVO PENTA,Inboard_Engines,
D9A2C,500177GT,,, ,VOLVO PENTA,Inboard_Engines,
D9A2D,500177GT,,, ,VOLVO PENTA,Inboard_Engines,
D9A2E,500177GT,,, ,VOLVO PENTA,Inboard_Engines,
D9A2F,500177GT,,, ,VOLVO PENTA,Inboard_Engines,
D9A2G,500177GT,,, ,VOLVO PENTA,Inboard_Engines,
D9A2H,500177GT,,, ,VOLVO PENTA,Inboard_Engines,
D9A2J,500177GT,,, ,VOLVO PENTA,Inboard_Engines,
D9A2K,500177GT,,, ,VOLVO PENTA,Inboard_Engines,
D12D-A MH,500163,,,,VOLVO PENTA,Inboard_Engines,
D12D-B MH,500163,,,,VOLVO PENTA,Inboard_Engines,
D12D-C MH,500163,,,,VOLVO PENTA,Inboard_Engines,
D12D-E MH,500163,,,,VOLVO PENTA,Inboard_Engines,
D12D-G MH,500163,,,,VOLVO PENTA,Inboard_Engines,
D12DC-A MP,500163,,,,VOLVO PENTA,Inboard_Engines,
D12D-A MP,500163,,,,VOLVO PENTA,Inboard_Engines,
D12D-B MP,500163,,,,VOLVO PENTA,Inboard_Engines,
D12D-D MP,500163,,,,VOLVO PENTA,Inboard_Engines,
D12D-E MP,500163,,,,VOLVO PENTA,Inboard_Engines,
D12D-F MP,500163,,,,VOLVO PENTA,Inboard_Engines,
D12D-G MP,500163,,,,VOLVO PENTA,Inboard_Engines,
D12D-H MP,500163,,,,VOLVO PENTA,Inboard_Engines,
D12D-A MG,500163,,,,VOLVO PENTA,Inboard_Engines,
D12D-E MG,500163,,,,VOLVO PENTA,Inboard_Engines,
D16C-A MH,500163,,,,VOLVO PENTA,Inboard_Engines,
D16C-B MH,500163,,,,VOLVO PENTA,Inboard_Engines,
D16C-C MH,500163,,,,VOLVO PENTA,Inboard_Engines,
D30-D31 Series,500106GT,,,,VOLVO PENTA,Inboard_Engines,
D32 Series,500106GT,,,,VOLVO PENTA,Inboard_Engines,
D42 Series,500106GT,,,,VOLVO PENTA,Inboard_Engines,
D43 Series,500106GT,,,,VOLVO PENTA,Inboard_Engines,
D44 Series,500106GT,,,,VOLVO PENTA,Inboard_Engines,
300 Series,500106GT,,,,VOLVO PENTA,Inboard_Engines,
D41 Series,500106GT,,,,VOLVO PENTA,Inboard_Engines,
D70CHC,500106GT,,,,VOLVO PENTA,Inboard_Engines,
DP-A,500133G,,,,VOLVO PENTA,Inboard_Engines,
DP-A1,500133G,,,,VOLVO PENTA,Inboard_Engines,
DP-A2,500133G,,,,VOLVO PENTA,Inboard_Engines,
DP-C,500133G,,,,VOLVO PENTA,Inboard_Engines,
DP-C1,500133G,,,,VOLVO PENTA,Inboard_Engines,
DP-C1 1.95,500133G,,,,VOLVO PENTA,Inboard_Engines,
DP-C1 2.30,500133G,,,,VOLVO PENTA,Inboard_Engines,
DP-D,500133G,,,,VOLVO PENTA,Inboard_Engines,
DP-D1,500133G,,,,VOLVO PENTA,Inboard_Engines,
DP-D1 1.68,500133G,,,,VOLVO PENTA,Inboard_Engines,
DP-D1 1.78,500133G,,,,VOLVO PENTA,Inboard_Engines,
DP-D1 1.95,500133G,,,,VOLVO PENTA,Inboard_Engines,
DP-D1 2.30,500133G,,,,VOLVO PENTA,Inboard_Engines,
DP-G,500533K,,,Exhaust bellow/Soffietto scarico,VOLVO PENTA,Inboard_Engines,
DP-S,500514K,,,Stern drive/Gruppo poppiero (u-joint/giunto),VOLVO PENTA,Inboard_Engines,
SX,500514K,,,Stern drive/Gruppo poppiero (u-joint/giunto),VOLVO PENTA,Inboard_Engines,
DP-S,501010,,,Cooling hose/Manicotto acqua,VOLVO PENTA,Inboard_Engines,
SX,501010,,,Cooling hose/Manicotto acqua,VOLVO PENTA,Inboard_Engines,
DP-S,500528K,,,Exhaust bellow/Soffietto scarico,VOLVO PENTA,Inboard_Engines,
DP-SX,500528K,,, Exhaust bellow/Soffietto scarico (if MHP shield use bellow 3857511),VOLVO PENTA,Inboard_Engines,
DPH-B,500538K,,,Exhaust bellow/Soffietto scarico,VOLVO PENTA,Inboard_Engines,
DPH-C,500538K,,,Exhaust bellow/Soffietto scarico,VOLVO PENTA,Inboard_Engines,
DPR-B,500538K,,,Exhaust bellow/Soffietto scarico,VOLVO PENTA,Inboard_Engines,
DPR-C,500538K,,,Exhaust bellow/Soffietto scarico,VOLVO PENTA,Inboard_Engines,
DPX-A,500533K,,,Exhaust bellow/Soffietto scarico,VOLVO PENTA,Inboard_Engines,
DPX375-A,500107GT,,,,VOLVO PENTA,Inboard_Engines,
DPX375-B,500107GT,,,,VOLVO PENTA,Inboard_Engines,
DPX375-BF,500107GT,,,,VOLVO PENTA,Inboard_Engines,
DPX375-CF,500107GT,,,,VOLVO PENTA,Inboard_Engines,
DPX385XBYDCE,500107GT,,,,VOLVO PENTA,Inboard_Engines,
DPX385XEFS,500189GT,,,,VOLVO PENTA,Inboard_Engines,
DPX385XLKE,500107GT,,,,VOLVO PENTA,Inboard_Engines,
DPX385XWTR,500189GT,,,,VOLVO PENTA,Inboard_Engines,
DPX415XBYDCE,500107GT,,,,VOLVO PENTA,Inboard_Engines,
DPX415XEFS,500189GT,,,,VOLVO PENTA,Inboard_Engines,
DPX415XLKE,500107GT,,,,VOLVO PENTA,Inboard_Engines,
DPX415XWTR,500189GT,,,,VOLVO PENTA,Inboard_Engines,
DPX420-A,500107GT,,,,VOLVO PENTA,Inboard_Engines,
DPX420-B,500107GT,,,,VOLVO PENTA,Inboard_Engines,
DPX420-BF,500107GT,,,,VOLVO PENTA,Inboard_Engines,
DPX420-CF,500107GT,,,,VOLVO PENTA,Inboard_Engines,
KAD42,501007,,,Clamp ring Flywheel Housing/Anello gomma Scatola Volano,VOLVO PENTA,Inboard_Engines,
KAD42,500531,,,Exhaust bellow/Soffietto scarico,VOLVO PENTA,Inboard_Engines,
KAD42A,501007,,,,VOLVO PENTA,Inboard_Engines,
KAD42B,501007,,,,VOLVO PENTA,Inboard_Engines,
KAD42P,501007,,,,VOLVO PENTA,Inboard_Engines,
KAD42A,500106GT,,,,VOLVO PENTA,Inboard_Engines,
KAD42B,500106GT,,,,VOLVO PENTA,Inboard_Engines,
KAD42P-A,500106GT,,,,VOLVO PENTA,Inboard_Engines,
KAD43P,501007,,,Clamp ring Flywheel Housing/Anello gomma Scatola Volano,VOLVO PENTA,Inboard_Engines,
KAD43P,500106GT,,,,VOLVO PENTA,Inboard_Engines,
KAD43P-A,500106GT,,,,VOLVO PENTA,Inboard_Engines,
KAD44P,501007,,,Clamp ring Flywheel Housing/Anello gomma Scatola Volano,VOLVO PENTA,Inboard_Engines,
KAD44P-A,500106GT,,,,VOLVO PENTA,Inboard_Engines,
KAD44P-B,500106GT,,,,VOLVO PENTA,Inboard_Engines,
KAD44P-C,500106GT,,,,VOLVO PENTA,Inboard_Engines,
KAMD300,500106GT,,,,VOLVO PENTA,Inboard_Engines,
KAMD42A,500106GT,,,,VOLVO PENTA,Inboard_Engines,
KAMD42A,501007,,,Clamp ring Flywheel Housing/Anello gomma Scatola Volano,VOLVO PENTA,Inboard_Engines,
KAMD42B,500106GT,,,,VOLVO PENTA,Inboard_Engines,
KAMD42P-A,500106GT,,,,VOLVO PENTA,Inboard_Engines,
KAMD43P-A,500106GT,,,,VOLVO PENTA,Inboard_Engines,
KAMD44P-A,500106GT,,,,VOLVO PENTA,Inboard_Engines,
KAMD44P-B,500106GT,,,,VOLVO PENTA,Inboard_Engines,
KAMD44P-C,500106GT,,,,VOLVO PENTA,Inboard_Engines,
MB2/50S,500380,,,,VOLVO PENTA,Inboard_Engines,
MB10,500100GX,,,,VOLVO PENTA,Inboard_Engines,
MB16A,500116GX,,,,VOLVO PENTA,Inboard_Engines,
MB18F,500116GX,,,,VOLVO PENTA,Inboard_Engines,
MB20,501008K,,,Rubber Bushing Trasmission/ Cuscinetto Trasmissione,VOLVO PENTA,Inboard_Engines,
MB20A,500116GX,,,,VOLVO PENTA,Inboard_Engines,
MB20B,500116GX,,,,VOLVO PENTA,Inboard_Engines,
MB20C,500116GX,,,,VOLVO PENTA,Inboard_Engines,
MD1A,500121GX,,,,VOLVO PENTA,Inboard_Engines,
MD1B,500121GX,,,,VOLVO PENTA,Inboard_Engines,
MD1 (SN 14016-),500100GX,,,,VOLVO PENTA,Inboard_Engines,
MD1 (SN 14016-1B),500100GX,,,,VOLVO PENTA,Inboard_Engines,
MD2,500121GX,,,,VOLVO PENTA,Inboard_Engines,
MD2A,500121GX,,,,VOLVO PENTA,Inboard_Engines,
MD2B,500121GX,,,,VOLVO PENTA,Inboard_Engines,
MD3B,500116GX,,,,VOLVO PENTA,Inboard_Engines,
MD5A,500121GX,,,,VOLVO PENTA,Inboard_Engines,
MD5B,500121GX,,,,VOLVO PENTA,Inboard_Engines,
MD5C,500121GX,,,,VOLVO PENTA,Inboard_Engines,
MD6A,500121GX,,,,VOLVO PENTA,Inboard_Engines,
MD6B,500121GX,,,,VOLVO PENTA,Inboard_Engines,
MD7A,500121GX,,,,VOLVO PENTA,Inboard_Engines,
MD11C,500121GX,,,,VOLVO PENTA,Inboard_Engines,
MD11D,500121GX,,,,VOLVO PENTA,Inboard_Engines,
MD11C,500121GX,,,,VOLVO PENTA,Inboard_Engines,
MD11D,500121GX,,,,VOLVO PENTA,Inboard_Engines,
MD17C,500116GX,,,,VOLVO PENTA,Inboard_Engines,
MD17D,500116GX,,,,VOLVO PENTA,Inboard_Engines,
MD19,500107GT,,,,VOLVO PENTA,Inboard_Engines,
MD21A,501008K,,,Rubber Bushing Trasmission/ Cuscinetto Trasmissione,VOLVO PENTA,Inboard_Engines,
MD21A (SN 103387-),500170CG,,,,VOLVO PENTA,Inboard_Engines,
MD21A,500107GT,,,,VOLVO PENTA,Inboard_Engines,
MD21B,500107GT,,,,VOLVO PENTA,Inboard_Engines,
MD22A,500107GT,,,,VOLVO PENTA,Inboard_Engines,
MD22L-A,500107GT,,,,VOLVO PENTA,Inboard_Engines,
MD21B (SN 103387-),500170CG,,,,VOLVO PENTA,Inboard_Engines,
MD21B,501008K,,,Rubber Bushing Trasmission/ Cuscinetto Trasmissione,VOLVO PENTA,Inboard_Engines,
MD22L-B,500107GT,,,,VOLVO PENTA,Inboard_Engines,
MD22P-B,500107GT,,,,VOLVO PENTA,Inboard_Engines,
TAMD22P-B,500107GT,,,,VOLVO PENTA,Inboard_Engines,
MD27,500106GT,,,,VOLVO PENTA,Inboard_Engines,
MD29,500100GX,,,,VOLVO PENTA,Inboard_Engines,
MD29,500106GT,,,,VOLVO PENTA,Inboard_Engines,
MD29A,500106GT,,,,VOLVO PENTA,Inboard_Engines,
MD30,501008K,,,Rubber Bushing Trasmission/ Cuscinetto Trasmissione,VOLVO PENTA,Inboard_Engines,
MD30A,501008K,,,Rubber Bushing Trasmission/ Cuscinetto Trasmissione,VOLVO PENTA,Inboard_Engines,
MD30A,500106GT,,,,VOLVO PENTA,Inboard_Engines,
MD31A,500106GT,,,,VOLVO PENTA,Inboard_Engines,
MD32A,500106GT,,,,VOLVO PENTA,Inboard_Engines,
MD40,501008K,,,Rubber Bushing Trasmission/ Cuscinetto Trasmissione,VOLVO PENTA,Inboard_Engines,
MD40A,500106GT,,,,VOLVO PENTA,Inboard_Engines,
MD40B,500106GT,,,,VOLVO PENTA,Inboard_Engines,
MD42A,500106GT,,,,VOLVO PENTA,Inboard_Engines,
MD42AK,500106GT,,,,VOLVO PENTA,Inboard_Engines,
MD70B,500106GT,,,,VOLVO PENTA,Inboard_Engines,
MD70C,500106GT,,,,VOLVO PENTA,Inboard_Engines,
TAMD30A,500106GT,,,,VOLVO PENTA,Inboard_Engines,
MD100A,500106GT,,,,VOLVO PENTA,Inboard_Engines,
MD100B,500106GT,,,,VOLVO PENTA,Inboard_Engines,
MD100BCC,500106GT,,,,VOLVO PENTA,Inboard_Engines,
MD100BK,500106GT,,,,VOLVO PENTA,Inboard_Engines,
MD120A,500106GT,,,,VOLVO PENTA,Inboard_Engines,
MD120AK,500106GT,,,,VOLVO PENTA,Inboard_Engines,
MD255,500107GT,,,,VOLVO PENTA,Inboard_Engines,
MD275,500107GT,,,,VOLVO PENTA,Inboard_Engines,
MD1105,500170CG,,,,VOLVO PENTA,Inboard_Engines,
MD2002,500121GX,,,,VOLVO PENTA,Inboard_Engines,
MD2010A,500116GX,,,,VOLVO PENTA,Inboard_Engines,
MD2010B,500116GX,,,,VOLVO PENTA,Inboard_Engines,
MD2010C,500116GX,,,,VOLVO PENTA,Inboard_Engines,
MD2010D,500116GX,,,,VOLVO PENTA,Inboard_Engines,
MD2010B (SN 5101203008-),500116GX,,,,VOLVO PENTA,Inboard_Engines,
MD2010B,500100GX,,,,VOLVO PENTA,Inboard_Engines,
MD2020B,500100GX,,,,VOLVO PENTA,Inboard_Engines,
MD2020B (SN 5101203007-),500116GX,,,,VOLVO PENTA,Inboard_Engines,
MD2020C,500100GX,,,,VOLVO PENTA,Inboard_Engines,
MD2020D,500100GX,,,,VOLVO PENTA,Inboard_Engines,
MD2030A,500116GX,,,,VOLVO PENTA,Inboard_Engines,
MD2030B,500116GX,,,,VOLVO PENTA,Inboard_Engines,
MD2030C,500116GX,,,,VOLVO PENTA,Inboard_Engines,
MD2030D,500116GX,,,,VOLVO PENTA,Inboard_Engines,
MD2040A,500116GX,,,,VOLVO PENTA,Inboard_Engines,
MD2040B,500116GX,,,,VOLVO PENTA,Inboard_Engines,
MD2040C,500116GX,,,,VOLVO PENTA,Inboard_Engines,
MD2040D,500116GX,,,,VOLVO PENTA,Inboard_Engines,
MS2A-E (Water Pump 858150),500107GT,,,,VOLVO PENTA,Inboard_Engines,
MS2B-A-L-R (Water Pump 858150),500107GT,,,,VOLVO PENTA,Inboard_Engines,
MS2L-E (Water Pump 858150),500107GT,,,,VOLVO PENTA,Inboard_Engines,
MS3B,500133G,,,,VOLVO PENTA,Inboard_Engines,
MS3C,500133G,,,,VOLVO PENTA,Inboard_Engines,
MS4A,500133G,,,,VOLVO PENTA,Inboard_Engines,
MS5,500133G,,,,VOLVO PENTA,Inboard_Engines,
SP-A,500133G,,,,VOLVO PENTA,Inboard_Engines,
SP-A1,500133G,,,,VOLVO PENTA,Inboard_Engines,
SP-A2,500133G,,,,VOLVO PENTA,Inboard_Engines,
SP-C,500133G,,,,VOLVO PENTA,Inboard_Engines,
SP-C1,500133G,,,,VOLVO PENTA,Inboard_Engines,
TAMD30/A,501008K,,,Rubber Bushing Trasmission/ Cuscinetto Trasmissione,VOLVO PENTA,Inboard_Engines,
TAMD30A,500106GT,,,,VOLVO PENTA,Inboard_Engines,
TAMD31A,500106GT,,,,VOLVO PENTA,Inboard_Engines,
TAMD31B,500106GT,,,,VOLVO PENTA,Inboard_Engines,
TAMD31D,500106GT,,,,VOLVO PENTA,Inboard_Engines,
TAMD31L-A,500106GT,,,,VOLVO PENTA,Inboard_Engines,
TAMD31M-A,500106GT,,,,VOLVO PENTA,Inboard_Engines,
TAMD31P-A,500106GT,,,,VOLVO PENTA,Inboard_Engines,
TAMD31S-A,500106GT,,,,VOLVO PENTA,Inboard_Engines,
TAMD41A,500106GT,,,,VOLVO PENTA,Inboard_Engines,
TAMD41B,500106GT,,,,VOLVO PENTA,Inboard_Engines,
TMD30A,500106GT,,,,VOLVO PENTA,Inboard_Engines,
TAMD40,501008K,,,Rubber Bushing Trasmission/ Cuscinetto Trasmissione,VOLVO PENTA,Inboard_Engines,
TAMD40B,500105GT,,,,VOLVO PENTA,Inboard_Engines,
TAMD61A,500105GT,,,,VOLVO PENTA,Inboard_Engines,
TAMD62A,500105GT,,,,VOLVO PENTA,Inboard_Engines,
TAMD41A,501007,,,Clamp ring Flywheel Housing/Anello gomma Scatola Volano,VOLVO PENTA,Inboard_Engines,
TAMD41D,500106GT,,,,VOLVO PENTA,Inboard_Engines,
TAMD41H-A,500106GT,,,,VOLVO PENTA,Inboard_Engines,
TAMD71A,500105GT,,,,VOLVO PENTA,Inboard_Engines,
TAMD71B,500105GT,,,,VOLVO PENTA,Inboard_Engines,
TAMD72A,500105GT,,,,VOLVO PENTA,Inboard_Engines,
TAMD72P-A,500105GT,,,,VOLVO PENTA,Inboard_Engines,
TAMD73P-A,500135T,,,,VOLVO PENTA,Inboard_Engines,
TAMD73WJ-A,500135T,,,,VOLVO PENTA,Inboard_Engines,
TAMD74A-A,500135T,,,,VOLVO PENTA,Inboard_Engines,
TAMD74A-B,500135T,,,,VOLVO PENTA,Inboard_Engines,
TAMD74C-A,500135T,,,,VOLVO PENTA,Inboard_Engines,
TAMD74L-A,500135T,,,,VOLVO PENTA,Inboard_Engines,
TAMD74L-B,500135T,,,,VOLVO PENTA,Inboard_Engines,
TAMD74P-A,500135T,,,,VOLVO PENTA,Inboard_Engines,
TAMD74P-B,500135T,,,,VOLVO PENTA,Inboard_Engines,
TAMD75P-A,500135T,,,,VOLVO PENTA,Inboard_Engines,
TAMD102A,500145GT,,,,VOLVO PENTA,Inboard_Engines,
TAMD102D,500145GT,,,,VOLVO PENTA,Inboard_Engines,
TAMD103A-A,500145GT,,,,VOLVO PENTA,Inboard_Engines,
TAMD103A-A AUX,500145GT,,,,VOLVO PENTA,Inboard_Engines,
TAMD120A,500145GT,,,,VOLVO PENTA,Inboard_Engines,
TAMD120AK,500145GT,,,,VOLVO PENTA,Inboard_Engines,
TAMD120B,500145GT,,,,VOLVO PENTA,Inboard_Engines,
TAMD120B-CC,500145GT,,,,VOLVO PENTA,Inboard_Engines,
TMD120A,500145GT,,,,VOLVO PENTA,Inboard_Engines,
TMD120AK,500145GT,,,,VOLVO PENTA,Inboard_Engines,
TMD120B,500145GT,,,,VOLVO PENTA,Inboard_Engines,
TAMD121D,500106GT,,,,VOLVO PENTA,Inboard_Engines,
TAMD122A,500145GT,,,,VOLVO PENTA,Inboard_Engines,
TAMD122P-B,500145GT,,,,VOLVO PENTA,Inboard_Engines,
TAMD122P-C,500145GT,,,,VOLVO PENTA,Inboard_Engines,
TAMD162A,500145GT,,,,VOLVO PENTA,Inboard_Engines,
TAMD162B,500145GT,,,,VOLVO PENTA,Inboard_Engines,
TAMD162C,500145GT,,,,VOLVO PENTA,Inboard_Engines,
TAMD162C-B,500145GT,,,,VOLVO PENTA,Inboard_Engines,
TAMD163A-A,500145GT,,,,VOLVO PENTA,Inboard_Engines,
TAMD163P-A,500145GT,,,,VOLVO PENTA,Inboard_Engines,
TAMD165A-A,500145GT,,,,VOLVO PENTA,Inboard_Engines,
TAMD165C-A,500145GT,,,,VOLVO PENTA,Inboard_Engines,
TAMD165P-A,500145GT,,,,VOLVO PENTA,Inboard_Engines,
TD70CHC,500106GT,,,,VOLVO PENTA,Inboard_Engines,
THAMD70C,500106GT,,,,VOLVO PENTA,Inboard_Engines,
TMD30A,500106GT,,,,VOLVO PENTA,Inboard_Engines,
TMD31A,500106GT,,,,VOLVO PENTA,Inboard_Engines,
TMD22A,500107GT,,,,VOLVO PENTA,Inboard_Engines,
TMB22B,500107GT,,,,VOLVO PENTA,Inboard_Engines,
TMD22P-C,500107GT,,,,VOLVO PENTA,Inboard_Engines,
TMD30/A,501008K,,,Rubber Bushing Trasmission/ Cuscinetto Trasmissione,VOLVO PENTA,Inboard_Engines,
TMD31B,500106GT,,,,VOLVO PENTA,Inboard_Engines,
TMD31D,500106GT,,,,VOLVO PENTA,Inboard_Engines,
TMD31L-A,500106GT,,,,VOLVO PENTA,Inboard_Engines,
TMD40,501008K,,,Rubber Bushing Trasmission/ Cuscinetto Trasmissione,VOLVO PENTA,Inboard_Engines,
TMD40A,500106GT,,,,VOLVO PENTA,Inboard_Engines,
TMD40B,500106GT,,,,VOLVO PENTA,Inboard_Engines,
TMD40C,500106GT,,,,VOLVO PENTA,Inboard_Engines,
TMD41A,500106GT,,,,VOLVO PENTA,Inboard_Engines,
TMD41B,500106GT,,,,VOLVO PENTA,Inboard_Engines,
TMD41D,500106GT,,,,VOLVO PENTA,Inboard_Engines,
TMD41L-A,500106GT,,,,VOLVO PENTA,Inboard_Engines,
TMD70B,500106GT,,,,VOLVO PENTA,Inboard_Engines,
TMD70C,500106GT,,,,VOLVO PENTA,Inboard_Engines,
TMD70B,500106GT,,,,VOLVO PENTA,Inboard_Engines,
TMD70C,500106GT,,,,VOLVO PENTA,Inboard_Engines,
TMD100A,500106GT,,,,VOLVO PENTA,Inboard_Engines,
TMD100AK,500106GT,,,,VOLVO PENTA,Inboard_Engines,
TMD100A-CC,500106GT,,,,VOLVO PENTA,Inboard_Engines,
TMD100C,500145GT,,,,VOLVO PENTA,Inboard_Engines,
TMD102A,500145GT,,,,VOLVO PENTA,Inboard_Engines,
TMD120B,500106GT,,,,VOLVO PENTA,Inboard_Engines,
TMD120A,500106GT,,,,VOLVO PENTA,Inboard_Engines,
TMD120ACC,500106GT,,,,VOLVO PENTA,Inboard_Engines,
TMD120AK,500106GT,,,,VOLVO PENTA,Inboard_Engines,
TMD121C,500106GT,,,,VOLVO PENTA,Inboard_Engines,
V6-200-A,500178G,,,,VOLVO PENTA,Inboard_Engines,
V6-225-A,500178G,,,,VOLVO PENTA,Inboard_Engines,
V6-225E-A,500178G,,,,VOLVO PENTA,Inboard_Engines,
V8-225-C-A,500178G,,,,VOLVO PENTA,Inboard_Engines,
V8-225-C-B,500178G,,,,VOLVO PENTA,Inboard_Engines,
V8-225-CE-A,500178G,,,,VOLVO PENTA,Inboard_Engines,
V8-225-CE-B,500178G,,,,VOLVO PENTA,Inboard_Engines,
V8-270-A,500178G,,,,VOLVO PENTA,Inboard_Engines,
V8-270-B,500178G,,,,VOLVO PENTA,Inboard_Engines,
V8-270-C-A,500178G,,,,VOLVO PENTA,Inboard_Engines,
V8-270-C-B,500178G,,,,VOLVO PENTA,Inboard_Engines,
V8-270-CE-A,500178G,,,,VOLVO PENTA,Inboard_Engines,
V8-270-CE-B,500178G,,,,VOLVO PENTA,Inboard_Engines,
V8-270-E-A,500178G,,,,VOLVO PENTA,Inboard_Engines,
V8-300-A,500178G,,,,VOLVO PENTA,Inboard_Engines,
V8-300-B,500178G,,,,VOLVO PENTA,Inboard_Engines,
V8-300-C-A,500178G,,,,VOLVO PENTA,Inboard_Engines,
V8-300-C-B,500178G,,,,VOLVO PENTA,Inboard_Engines,
V8-300-CE-A,500178G,,,,VOLVO PENTA,Inboard_Engines,
V8-300-CE-B,500178G,,,,VOLVO PENTA,Inboard_Engines,
V8-300-E-A,500178G,,,,VOLVO PENTA,Inboard_Engines,
V8-300-E-B,500178G,,,,VOLVO PENTA,Inboard_Engines,
V8-320-A,500178G,,,,VOLVO PENTA,Inboard_Engines,
V8-320-A-A,500178G,,,,VOLVO PENTA,Inboard_Engines,
V8-320-B,500178G,,,,VOLVO PENTA,Inboard_Engines,
V8-320-C-A,500178G,,,,VOLVO PENTA,Inboard_Engines,
V8-320-C-B,500178G,,,,VOLVO PENTA,Inboard_Engines,
V8-320-CE-A,500178G,,,,VOLVO PENTA,Inboard_Engines,
V8-320-CE-B,500178G,,,,VOLVO PENTA,Inboard_Engines,
V8-320-E-A,500178G,,,,VOLVO PENTA,Inboard_Engines,
V8-320-E-B,500178G,,,,VOLVO PENTA,Inboard_Engines,


D6-300A-G,500162,,24139373,"Girante D6 new gen (12 pale 65mm), sostituisce #22994993",VOLVO PENTA,Inboard_Engines
D6-340A-G,500162,,24139373,"Girante D6 new gen (12 pale 65mm), sostituisce #22994993",VOLVO PENTA,Inboard_Engines
D6-380A-G,500162,,24139373,"Girante D6 new gen (12 pale 65mm), sostituisce #22994993",VOLVO PENTA,Inboard_Engines
D6-400A-G,500162,,24139373,"Girante D6 new gen (12 pale 65mm), sostituisce #22994993",VOLVO PENTA,Inboard_Engines
D6-440A-G,500162,,24139373,"Girante D6 new gen (12 pale 65mm), sostituisce #22994993",VOLVO PENTA,Inboard_Engines
D6-300I-G,500162,,24139373,"Girante D6 new gen (12 pale 65mm), per versione Inboard",VOLVO PENTA,Inboard_Engines
D6-340I-G,500162,,24139373,"Girante D6 new gen (12 pale 65mm), per versione Inboard",VOLVO PENTA,Inboard_Engines
D6-380I-G,500162,,24139373,"Girante D6 new gen (12 pale 65mm), per versione Inboard",VOLVO PENTA,Inboard_Engines
D6-440I-G,500162,,24139373,"Girante D6 new gen (12 pale 65mm), per versione Inboard",VOLVO PENTA,Inboard_Engines
D6-480I-G,500162,,24139373,"Girante D6 new gen (12 pale 65mm), 480hp",VOLVO PENTA,Inboard_Engines
D6-440I-WJ-G,500162,,24139373,"Girante D6 new gen (12 pale 65mm), Water-Jet",VOLVO PENTA,Inboard_Engines
D6-480I-WJ-G,500162,,24139373,"Girante D6 new gen (12 pale 65mm), Water-Jet",VOLVO PENTA,Inboard_Engines
D8A1-A MP,500162,,24139373,"D8 (A1) ~550hp, stessa girante D6, kit #24139373",VOLVO PENTA,Inboard_Engines
D8A2-A MP,500162,,24139373,"D8 (A2) ~550hp, stessa girante D6, kit #24139373",VOLVO PENTA,Inboard_Engines
D8A3-A MP,500162,,24139373,"D8 (A3) ~600hp, stessa girante D6, kit #24139373",VOLVO PENTA,Inboard_Engines
D8A4-A MP,500162,,24139373,"D8 (A4) ~600hp, stessa girante D6, kit #24139373",VOLVO PENTA,Inboard_Engines
D8A5-A MH,500162,,24139373,"D8 (A5) MH ausiliario, stessa girante D6, kit #24139373",VOLVO PENTA,Inboard_Engines
D8A6-A MH,500162,,24139373,"D8 (A6) MH ausiliario, stessa girante D6, kit #24139373",VOLVO PENTA,Inboard_Engines
D9A2 MH/MP,500177,,21730348,"D9 (A2) ~500hp, girante 65mm, 8 pale (Volvo #21730348), eq. Jabsco 17018",VOLVO PENTA,Inboard_Engines
D11A-E MP,500177,,21730348,"D11 ~670hp, kit Volvo #21730348 (ex 3817587), eq. Jabsco 17018-0001",VOLVO PENTA,Inboard_Engines
D13-900,500163,,3830459,"D13 900hp, girante grande (95mm) Volvo #3830459, eq. Jabsco 17938-0001",VOLVO PENTA,Inboard_Engines
D13-1000,500163,,3830459,"D13 1000hp, kit Volvo #3830459, eq. Jabsco 17938-0001",VOLVO PENTA,Inboard_Engines
