Applications,Cef,NBR Version,Kit,Remarks,Company,Tipologia Applicazione
pump/pompa A03,500103GT,,,,SHERWOOD,Inboard_Engines
pump/pompa A16,500103GT,,,,SHERWOOD,Inboard_Engines
pump/pompa A20,500166G,,,,SHERWOOD,Inboard_Engines
pump/pompa B04,500120GT,,,,SHERWOOD,Inboard_Engines
pump/pompa B06,500103GT,,,,SHERWOOD,Inboard_Engines
pump/pompa C03,500120GT,,,,SHERWOOD,Inboard_Engines
pump/pompa D05,500120GT,,,,SHERWOOD,Inboard_Engines
pump/pompa D55,500103GT,,,,SHERWOOD,Inboard_Engines
pump/pompa D55,500120GT,,,,SHERWOOD,Inboard_Engines
pump/pompa D60,500103GT,,,,SHERWOOD,Inboard_Engines
pump/pompa D65,500103GT,,,,SHERWOOD,Inboard_Engines
pump/pompa D75,500103GT,,,,SHERWOOD,Inboard_Engines
pump/pompa E05,500166G,,,,SHERWOOD,Inboard_Engines
pump/pompa E20,500166G,,,,SHERWOOD,Inboard_Engines
pump/pompa E35,500120GT,,,,SHERWOOD,Inboard_Engines
pump/pompa F10,500120GT,,,,SHERWOOD,Inboard_Engines
pump/pompa F15,500103GT,,,,SHERWOOD,Inboard_Engines
pump/pompa F75,500120GT,,,,SHERWOOD,Inboard_Engines
pump/pompa F85,500103GT,,,,SHERWOOD,Inboard_Engines
pump/pompa F95,500120GT,,,,SHERWOOD,Inboard_Engines
pump/pompa G1,500103GT,,,,SHERWOOD,Inboard_Engines
pump/pompa G1004,500120GT,,,,SHERWOOD,Inboard_Engines
pump/pompa G1005,500120GT,,,,SHERWOOD,Inboard_Engines
pump/pompa G1006,500120GT,,,,SHERWOOD,Inboard_Engines
pump/pompa G1006-01,500120GT,,,,SHERWOOD,Inboard_Engines
pump/pompa G1008-01,500120GT,,,,SHERWOOD,Inboard_Engines
pump/pompa G11,500165G,,,,SHERWOOD,Inboard_Engines
pump/pompa G15,500103GT,,,,SHERWOOD,Inboard_Engines
pump/pompa G1503-01,500167G,,,,SHERWOOD,Inboard_Engines
pump/pompa G151,500167G,,,,SHERWOOD,Inboard_Engines
pump/pompa G155,500167G,,,,SHERWOOD,Inboard_Engines
pump/pompa G157,500167G,,,,SHERWOOD,Inboard_Engines
pump/pompa G1801,500182GX,,,CEF Puller Required/Richiede Estrattore CEF,SHERWOOD,Inboard_Engines
pump/pompa G1804,500182GX,,,CEF Puller Required/Richiede Estrattore CEF,SHERWOOD,Inboard_Engines
pump/pompa G1805,500182GX,,,CEF Puller Required/Richiede Estrattore CEF,SHERWOOD,Inboard_Engines
pump/pompa G1806,500182GX,,,CEF Puller Required/Richiede Estrattore CEF,SHERWOOD,Inboard_Engines
pump/pompa G1806-1,500182GX,,,CEF Puller Required/Richiede Estrattore CEF,SHERWOOD,Inboard_Engines
pump/pompa G1807,500182GX,,,CEF Puller Required/Richiede Estrattore CEF,SHERWOOD,Inboard_Engines
pump/pompa G1807-1,500182GX,,,CEF Puller Required/Richiede Estrattore CEF,SHERWOOD,Inboard_Engines
pump/pompa G1808,500182GX,,,CEF Puller Required/Richiede Estrattore CEF,SHERWOOD,Inboard_Engines
pump/pompa G1808-1,500182GX,,,CEF Puller Required/Richiede Estrattore CEF,SHERWOOD,Inboard_Engines
pump/pompa G18082-01,500182GX,,,CEF Puller Required/Richiede Estrattore CEF,SHERWOOD,Inboard_Engines
pump/pompa G18082X,500182GX,,,CEF Puller Required/Richiede Estrattore CEF,SHERWOOD,Inboard_Engines
pump/pompa G1810,500182GX,,,CEF Puller Required/Richiede Estrattore CEF,SHERWOOD,Inboard_Engines
pump/pompa G1810-01,500182GX,,,CEF Puller Required/Richiede Estrattore CEF,SHERWOOD,Inboard_Engines
pump/pompa G1810X,500182GX,,,CEF Puller Required/Richiede Estrattore CEF,SHERWOOD,Inboard_Engines
pump/pompa G1811-01,500182GX,,,CEF Puller Required/Richiede Estrattore CEF,SHERWOOD,Inboard_Engines
pump/pompa G1814-01,500182GX,,,CEF Puller Required/Richiede Estrattore CEF,SHERWOOD,Inboard_Engines
pump/pompa G1814X,500182GX,,,CEF Puller Required/Richiede Estrattore CEF,SHERWOOD,Inboard_Engines
pump/pompa G2,500103GT,,,,SHERWOOD,Inboard_Engines
pump/pompa G20,500103GT,,,,SHERWOOD,Inboard_Engines
pump/pompa G21,500103GT,,,,SHERWOOD,Inboard_Engines
pump/pompa G21-01,500103GT,,,,SHERWOOD,Inboard_Engines
pump/pompa G22-01,500103GT,,,,SHERWOOD,Inboard_Engines
pump/pompa G2201,500179GX,,,CEF Puller Required/Richiede Estrattore CEF,SHERWOOD,Inboard_Engines
pump/pompa G22011,500179GX,,,CEF Puller Required/Richiede Estrattore CEF,SHERWOOD,Inboard_Engines
pump/pompa G22012,500179GX,,,CEF Puller Required/Richiede Estrattore CEF,SHERWOOD,Inboard_Engines
pump/pompa G22012X,500179GX,,,CEF Puller Required/Richiede Estrattore CEF,SHERWOOD,Inboard_Engines
pump/pompa G26-01,500120GT,,,,SHERWOOD,Inboard_Engines
pump/pompa G2601-01,500183G,,,CEF Puller Required/Richiede Estrattore CEF,SHERWOOD,Inboard_Engines
pump/pompa G2601-02,500183G,,,CEF Puller Required/Richiede Estrattore CEF,SHERWOOD,Inboard_Engines
pump/pompa G2601X,500183G,,,CEF Puller Required/Richiede Estrattore CEF,SHERWOOD,Inboard_Engines
pump/pompa G2602-01,500183G,,,CEF Puller Required/Richiede Estrattore CEF,SHERWOOD,Inboard_Engines
pump/pompa G2603-01,500183G,,,CEF Puller Required/Richiede Estrattore CEF,SHERWOOD,Inboard_Engines
pump/pompa G2603-02,500183G,,,CEF Puller Required/Richiede Estrattore CEF,SHERWOOD,Inboard_Engines
pump/pompa G2604-01,500183G,,,CEF Puller Required/Richiede Estrattore CEF,SHERWOOD,Inboard_Engines
pump/pompa G2605-01,500183G,,,CEF Puller Required/Richiede Estrattore CEF,SHERWOOD,Inboard_Engines
pump/pompa G2902-01,500192GX,,,CEF Puller Required/Richiede Estrattore CEF,SHERWOOD,Inboard_Engines
pump/pompa G2902X,500192GX,,,CEF Puller Required/Richiede Estrattore CEF,SHERWOOD,Inboard_Engines
pump/pompa G2903-01,500192GX,,,CEF Puller Required/Richiede Estrattore CEF,SHERWOOD,Inboard_Engines
pump/pompa G2903-02,500192GX,,,CEF Puller Required/Richiede Estrattore CEF,SHERWOOD,Inboard_Engines
pump/pompa G2903X,500192GX,,,CEF Puller Required/Richiede Estrattore CEF,SHERWOOD,Inboard_Engines
pump/pompa G2904-01,500192GX,,,CEF Puller Required/Richiede Estrattore CEF,SHERWOOD,Inboard_Engines
pump/pompa G2904X,500192GX,,,CEF Puller Required/Richiede Estrattore CEF,SHERWOOD,Inboard_Engines
pump/pompa G3,500120GT,,,,SHERWOOD,Inboard_Engines
pump/pompa G30-2,500103GT,,,,SHERWOOD,Inboard_Engines
pump/pompa G30-2B,500103GT,,,,SHERWOOD,Inboard_Engines
pump/pompa G4,500120GT,,,,SHERWOOD,Inboard_Engines
pump/pompa G45-1,500120GT,,,,SHERWOOD,Inboard_Engines
pump/pompa G45-2,500120GT,,,,SHERWOOD,Inboard_Engines
pump/pompa G46,500120GT,,,,SHERWOOD,Inboard_Engines
pump/pompa G5,500120GT,,,,SHERWOOD,Inboard_Engines
pump/pompa G50,500120GT,,,,SHERWOOD,Inboard_Engines
pump/pompa G5-1,500120GT,,,,SHERWOOD,Inboard_Engines
pump/pompa G55-2,500120GT,,,,SHERWOOD,Inboard_Engines
pump/pompa G56,500120GT,,,,SHERWOOD,Inboard_Engines
pump/pompa G65,500103GT,,,,SHERWOOD,Inboard_Engines
pump/pompa G7,500120GT,,,,SHERWOOD,Inboard_Engines
pump/pompa G701,500166G,,,,SHERWOOD,Inboard_Engines
pump/pompa G701-01,500166G,,,,SHERWOOD,Inboard_Engines
pump/pompa G7B,500120GT,,,,SHERWOOD,Inboard_Engines
pump/pompa G8,500120GT,,,,SHERWOOD,Inboard_Engines
pump/pompa G85,500120GT,,,,SHERWOOD,Inboard_Engines
pump/pompa G8001,500190G,,,,SHERWOOD,Inboard_Engines
pump/pompa G8001-01,500190G,,,,SHERWOOD,Inboard_Engines
pump/pompa G8002-01,500190G,,,,SHERWOOD,Inboard_Engines
pump/pompa G903,500165G,,,,SHERWOOD,Inboard_Engines
pump/pompa G905,500165G,,,,SHERWOOD,Inboard_Engines
pump/pompa G906P,500165G,,,,SHERWOOD,Inboard_Engines
pump/pompa G907-01,500165G,,,,SHERWOOD,Inboard_Engines
pump/pompa G907P,500165G,,,,SHERWOOD,Inboard_Engines
pump/pompa G907P-01,500165G,,,,SHERWOOD,Inboard_Engines
pump/pompa G908,500165G,,,,SHERWOOD,Inboard_Engines
pump/pompa G908-01,500165G,,,,SHERWOOD,Inboard_Engines
pump/pompa G95-1,500103GT,,,,SHERWOOD,Inboard_Engines
pump/pompa G9901,500103GT,,,,SHERWOOD,Inboard_Engines
pump/pompa G9902,500103GT,,,,SHERWOOD,Inboard_Engines
pump/pompa G9903,500103GT,,,,SHERWOOD,Inboard_Engines
pump/pompa GC1,500167G,,,,SHERWOOD,Inboard_Engines
pump/pompa GC1-01,500167G,,,,SHERWOOD,Inboard_Engines
pump/pompa GC4,500167G,,,,SHERWOOD,Inboard_Engines
pump/pompa GC5,500167G,,,,SHERWOOD,Inboard_Engines
pump/pompa GC5-01,500167G,,,,SHERWOOD,Inboard_Engines
pump/pompa GP8001-01,500190G,,,,SHERWOOD,Inboard_Engines
pump/pompa GP8002-01,500190G,,,,SHERWOOD,Inboard_Engines
pump/pompa H10,500103GT,,,,SHERWOOD,Inboard_Engines
pump/pompa H5,500103GT,,,,SHERWOOD,Inboard_Engines
pump/pompa H70,500166G,,,,SHERWOOD,Inboard_Engines
pump/pompa H85,500120GT,,,,SHERWOOD,Inboard_Engines
pump/pompa J70,500103GT,,,,SHERWOOD,Inboard_Engines
pump/pompa J90,500103GT,,,,SHERWOOD,Inboard_Engines
pump/pompa K75B,500103GT,,,,SHERWOOD,Inboard_Engines
pump/pompa K90,500120GT,,,,SHERWOOD,Inboard_Engines
pump/pompa L10,500120GT,,,,SHERWOOD,Inboard_Engines
pump/pompa L10B,500120GT,,,,SHERWOOD,Inboard_Engines
pump/pompa L80,500120GT,,,,SHERWOOD,Inboard_Engines
pump/pompa L90,500120GT,,,,SHERWOOD,Inboard_Engines
pump/pompa L9920G,500103GT,,,,SHERWOOD,Inboard_Engines
pump/pompa L9930G,500103GT,,,,SHERWOOD,Inboard_Engines
pump/pompa L9960,500100GX,,,,SHERWOOD,Inboard_Engines
pump/pompa M10065G,500103GT,,,,SHERWOOD,Inboard_Engines
pump/pompa M10095G,500166,,,,SHERWOOD,Inboard_Engines
pump/pompa M10180G,500103GT,,,,SHERWOOD,Inboard_Engines
pump/pompa M10210G,500103GT,,,,SHERWOOD,Inboard_Engines
pump/pompa M10261G,500166G,,,,SHERWOOD,Inboard_Engines
pump/pompa M10263G,500103GT,,,,SHERWOOD,Inboard_Engines
pump/pompa M10264G,500103GT,,,,SHERWOOD,Inboard_Engines
pump/pompa M10270G,500103GT,,,,SHERWOOD,Inboard_Engines
pump/pompa M10280G,500103GT,,,,SHERWOOD,Inboard_Engines
pump/pompa M71,500120GT,,,,SHERWOOD,Inboard_Engines
pump/pompa M71-01,500120GT,,,,SHERWOOD,Inboard_Engines
pump/pompa N10360GX,500166G,,,,SHERWOOD,Inboard_Engines
pump/pompa N10390G,500103GT,,,,SHERWOOD,Inboard_Engines
pump/pompa N10410G,500103GT,,,,SHERWOOD,Inboard_Engines
pump/pompa N10460,500103GT,,,,SHERWOOD,Inboard_Engines
pump/pompa N10470,500103GT,,,,SHERWOOD,Inboard_Engines
pump/pompa N10510G,500103GT,,,,SHERWOOD,Inboard_Engines
pump/pompa P101,500120GT,,,,SHERWOOD,Inboard_Engines
pump/pompa P1012-01,500120GT,,,,SHERWOOD,Inboard_Engines
pump/pompa P102,500120GT,,,,SHERWOOD,Inboard_Engines
pump/pompa P105,500120GT,,,,SHERWOOD,Inboard_Engines
pump/pompa P105-01,500120GT,,,,SHERWOOD,Inboard_Engines
pump/pompa P10550G,500103GT,,,,SHERWOOD,Inboard_Engines
pump/pompa P10550G,500120GT,,,,SHERWOOD,Inboard_Engines
pump/pompa P10560G,500103GT,,,,SHERWOOD,Inboard_Engines
pump/pompa P10610G,500103GT,,,,SHERWOOD,Inboard_Engines
pump/pompa P10650G,500103GT,,,,SHERWOOD,Inboard_Engines
pump/pompa P10700G,500103GT,,,,SHERWOOD,Inboard_Engines
pump/pompa P10710G,500103GT,,,,SHERWOOD,Inboard_Engines
pump/pompa P109,500120GT,,,,SHERWOOD,Inboard_Engines
pump/pompa P151,500167G,,,,SHERWOOD,Inboard_Engines
pump/pompa P171,500164GT,,,,SHERWOOD,Inboard_Engines
pump/pompa P1710-02,500164GT,,,,SHERWOOD,Inboard_Engines
pump/pompa P1710X,500164GT,,,,SHERWOOD,Inboard_Engines
pump/pompa P1711,500164GT,,,,SHERWOOD,Inboard_Engines
pump/pompa P1712,500164GT,,,,SHERWOOD,Inboard_Engines
pump/pompa P1716B-01,500164GT,,,,SHERWOOD,Inboard_Engines
pump/pompa P1716X,500164GT,,,,SHERWOOD,Inboard_Engines
pump/pompa P1719,500164GT,,,,SHERWOOD,Inboard_Engines
pump/pompa P1719,500167G,,,,SHERWOOD,Inboard_Engines
pump/pompa P1719-01,500164GT,,,,SHERWOOD,Inboard_Engines
pump/pompa P1719F-01,500164GT,,,,SHERWOOD,Inboard_Engines
pump/pompa P172,500164GT,,,,SHERWOOD,Inboard_Engines
pump/pompa P1722B-01,500164GT,,,,SHERWOOD,Inboard_Engines
pump/pompa P1722X,500164GT,,,,SHERWOOD,Inboard_Engines
pump/pompa P1726,500164GT,,,,SHERWOOD,Inboard_Engines
pump/pompa P1726TC-02,500164GT,,,,SHERWOOD,Inboard_Engines
pump/pompa P1726X,500164GT,,,,SHERWOOD,Inboard_Engines
pump/pompa P1727FB-01,500164GT,,,,SHERWOOD,Inboard_Engines
pump/pompa P1727X,500164GT,,,,SHERWOOD,Inboard_Engines
pump/pompa P173,500164GT,,,,SHERWOOD,Inboard_Engines
pump/pompa P1730F-01,500164GT,,,,SHERWOOD,Inboard_Engines
pump/pompa P1730X,500164GT,,,,SHERWOOD,Inboard_Engines
pump/pompa P1731F-01,500164GT,,,,SHERWOOD,Inboard_Engines
pump/pompa P1732-02,500164GT,,,,SHERWOOD,Inboard_Engines
pump/pompa P176,500164GT,,,,SHERWOOD,Inboard_Engines
pump/pompa P176-02,500164GT,,,,SHERWOOD,Inboard_Engines
pump/pompa P2701X-2701-01,500181G,,,CEF Puller Required/Richiede Estrattore CEF,SHERWOOD,Inboard_Engines
pump/pompa Q10755G,500103GT,,,,SHERWOOD,Inboard_Engines
pump/pompa Q10765G,500103GT,,,,SHERWOOD,Inboard_Engines
pump/pompa Q10770G,500103GT,,,,SHERWOOD,Inboard_Engines
pump/pompa Q10805G,500166G,,,,SHERWOOD,Inboard_Engines
pump/pompa Q10840,500166G,,,,SHERWOOD,Inboard_Engines
pump/pompa Q10855G,500103GT,,,,SHERWOOD,Inboard_Engines
pump/pompa R101,500120GT,,,,SHERWOOD,Inboard_Engines
pump/pompa R102,500120GT,,,,SHERWOOD,Inboard_Engines
pump/pompa R10870G,500103GT,,,,SHERWOOD,Inboard_Engines
pump/pompa R10870G-01,500103GT,,,,SHERWOOD,Inboard_Engines
pump/pompa R10920G,500103GT,,,,SHERWOOD,Inboard_Engines
pump/pompa R10925G,500103GT,,,,SHERWOOD,Inboard_Engines
pump/pompa R10930G,500103GT,,,,SHERWOOD,Inboard_Engines
pump/pompa R10935G,500103GT,,,,SHERWOOD,Inboard_Engines
pump/pompa R10955G,500103GT,,,,SHERWOOD,Inboard_Engines
pump/pompa R10970G,500120GT,,,,SHERWOOD,Inboard_Engines
pump/pompa R30G,500166G,,,,SHERWOOD,Inboard_Engines
pump/pompa R30G-1,500166G,,,,SHERWOOD,Inboard_Engines
pump/pompa R30G-1-01,500166G,,,,SHERWOOD,Inboard_Engines
pump/pompa R40G,500103GT,,,,SHERWOOD,Inboard_Engines
pump/pompa R50G,500103GT,,,,SHERWOOD,Inboard_Engines
pump/pompa R991,500103GT,,,,SHERWOOD,Inboard_Engines
pump/pompa RPBC,500120GT,,,,SHERWOOD,Inboard_Engines
pump/pompa RPGC,500103GT,,,,SHERWOOD,Inboard_Engines
pump/pompa S11040G,500120GT,,,,SHERWOOD,Inboard_Engines
pump/pompa S11095G,500120GT,,,,SHERWOOD,Inboard_Engines
pump/pompa T11165,500100GX,,,,SHERWOOD,Inboard_Engines
pump/pompa T11166,500100GX,,,,SHERWOOD,Inboard_Engines
